language,source,date,headline,headline_en,description,url
en,DGAP,2025-11-05 08:00:00,Green-skilled Workers for the Future,Green-skilled Workers for the Future,"<a href=""https://news.google.com/rss/articles/CBMiekFVX3lxTE80RWVXMlBheTJkQzVkMlJsaFNZSHN6TklmYkx5QUN4dkE3WU5EZ1l4NFpkMGNweVRBZy1LeUt4dDZzSDNOWlJyTW5uQnVUdU9CR0RiZGkzRFVGZEFnNTJHM2c5bWNJb2ZDVG9kNERBVGgtMnRiR3Q0cjlB?oc=5"" target=""_blank"">Green-skilled Workers for the Future</a>&nbsp;&nbsp;<font color=""#6f6f6f"">DGAP</font>",https://news.google.com/rss/articles/CBMiekFVX3lxTE80RWVXMlBheTJkQzVkMlJsaFNZSHN6TklmYkx5QUN4dkE3WU5EZ1l4NFpkMGNweVRBZy1LeUt4dDZzSDNOWlJyTW5uQnVUdU9CR0RiZGkzRFVGZEFnNTJHM2c5bWNJb2ZDVG9kNERBVGgtMnRiR3Q0cjlB?oc=5
en,InfoMigrants,2025-11-17 08:00:00,"Germany: Skilled workers welcomed, as integration rules tighten","Germany: Skilled workers welcomed, as integration rules tighten","<a href=""https://news.google.com/rss/articles/CBMipwFBVV95cUxOdS1EWjl4azdFZ1EzSEFNNl8tSFloTmZ0dUFDNmxRdkd4MTlFZWowYXVaT3RCcHZfYm5SQ19sTHpVQmdVYW1Ld3ItOVFCdWNJRlVFY2Vud25DdUZlZTFBVXkwYUxZbko1N0tSRjg4OXpnU3R2b29manN4X2hsWVR1NVltMzFqMEZEaUF5MnBuUnZUMG4zNWlTYnhvRUNkZWh5Tk4tLXlXOA?oc=5"" target=""_blank"">Germany: Skilled workers welcomed, as integration rules tighten</a>&nbsp;&nbsp;<font color=""#6f6f6f"">InfoMigrants</font>",https://news.google.com/rss/articles/CBMipwFBVV95cUxOdS1EWjl4azdFZ1EzSEFNNl8tSFloTmZ0dUFDNmxRdkd4MTlFZWowYXVaT3RCcHZfYm5SQ19sTHpVQmdVYW1Ld3ItOVFCdWNJRlVFY2Vud25DdUZlZTFBVXkwYUxZbko1N0tSRjg4OXpnU3R2b29manN4X2hsWVR1NVltMzFqMEZEaUF5MnBuUnZUMG4zNWlTYnhvRUNkZWh5Tk4tLXlXOA?oc=5
de,Mediendienst Integration,2026-01-06 08:00:00,Fachkräftemangel in Deutschland,Skilled labor shortage in Germany,"<a href=""https://news.google.com/rss/articles/CBMiigFBVV95cUxOc3plR09kc2ZIVGNOcFhxV2w1RzVDeGhVSHJkeTRGdGN2QnZ2S2Z3UmdZRktkdWJXTHUzQ044UHF5RUJSb0VjSG9tTFhIUndGQlZfbzdvbW15Tjk2aUZ4QnBzdk1kaU5SaUhDTFNfN05KeXRJTmlFeDBhdTRYOEt3R2tpWUxfUmJKeXc?oc=5"" target=""_blank"">Fachkräftemangel in Deutschland</a>&nbsp;&nbsp;<font color=""#6f6f6f"">Mediendienst Integration</font>",https://news.google.com/rss/articles/CBMiigFBVV95cUxOc3plR09kc2ZIVGNOcFhxV2w1RzVDeGhVSHJkeTRGdGN2QnZ2S2Z3UmdZRktkdWJXTHUzQ044UHF5RUJSb0VjSG9tTFhIUndGQlZfbzdvbW15Tjk2aUZ4QnBzdk1kaU5SaUhDTFNfN05KeXRJTmlFeDBhdTRYOEt3R2tpWUxfUmJKeXc?oc=5
en,DW.com,2026-01-12 08:00:00,Germany looks to India to address skilled labor shortage,Germany looks to India to address skilled labor shortage,"<a href=""https://news.google.com/rss/articles/CBMimAFBVV95cUxPVGxmU3BaM19nQ1JnUk50S1dxb3lmWXpYYUNvZWZlMHB0QmQ5Q3l2LWxTMkRVVllpX2x5NDRCa05lWEliRURwNzRoTWdkNWZVODdDTFVUQ3V4Qjc0dTIyTC1reElZaEtDbVc1RjZSWmZIY3lfTFM2M3g5ZWhpMGFQX1lFOTRQUG01a0VJT29pQ0ljdnRsRGlVLQ?oc=5"" target=""_blank"">Germany looks to India to address skilled labor shortage</a>&nbsp;&nbsp;<font color=""#6f6f6f"">DW.com</font>",https://news.google.com/rss/articles/CBMimAFBVV95cUxPVGxmU3BaM19nQ1JnUk50S1dxb3lmWXpYYUNvZWZlMHB0QmQ5Q3l2LWxTMkRVVllpX2x5NDRCa05lWEliRURwNzRoTWdkNWZVODdDTFVUQ3V4Qjc0dTIyTC1reElZaEtDbVc1RjZSWmZIY3lfTFM2M3g5ZWhpMGFQX1lFOTRQUG01a0VJT29pQ0ljdnRsRGlVLQ?oc=5
en,InfoMigrants,2026-01-13 08:00:00,Video: Germany looks to India to address skilled labor shortage,Video: Germany looks to India to address skilled labor shortage,"<a href=""https://news.google.com/rss/articles/CBMiqAFBVV95cUxNQmcxUDRIVEtBX3VhR2xhemhTWWZzck95dFVmRC1sYkJHZDBTN2ZRbW80b3BmVXZLRm9LdHctcUV3bUx0TmgtNm9INlM0cU9RYVQxZjU2c0kxT2VIdkJLUnpkb0N1cUk3M0FlbmhZMlgtcFI5OFpOLVY2SWJFTkZCYnNNaW1ydHFFVEFPWkFGZHBvdFpNWTlHekRTSEkxX2w3VUJEWVNjNmg?oc=5"" target=""_blank"">Video: Germany looks to India to address skilled labor shortage</a>&nbsp;&nbsp;<font color=""#6f6f6f"">InfoMigrants</font>",https://news.google.com/rss/articles/CBMiqAFBVV95cUxNQmcxUDRIVEtBX3VhR2xhemhTWWZzck95dFVmRC1sYkJHZDBTN2ZRbW80b3BmVXZLRm9LdHctcUV3bUx0TmgtNm9INlM0cU9RYVQxZjU2c0kxT2VIdkJLUnpkb0N1cUk3M0FlbmhZMlgtcFI5OFpOLVY2SWJFTkZCYnNNaW1ydHFFVEFPWkFGZHBvdFpNWTlHekRTSEkxX2w3VUJEWVNjNmg?oc=5
en,DW.com,2026-01-28 08:00:00,How Germany's skilled worker gap exposes migration hurdles,How Germany's skilled worker gap exposes migration hurdles,"<a href=""https://news.google.com/rss/articles/CBMilAFBVV95cUxOTldRWTB5S2I5YnZJRWZXVWE5bU0yR3NUeDZmNWFEdkREMmlHcXJhOTg5WWd4SDg2cTFqRnEwRmZzNnNhZGx2QnhON3hHQmF4X0dGNUhMY3Jqcmg5NlpVcWxORzlSa29xcXMxUlBNWjBhY3JWaDlFOHNEamwzeVFWdGlzMmw1UGNIMjI5Vmo1T0R6bHk10gGUAUFVX3lxTE9uNnBJQm5jRFFKb0VWdUVDUUxKNlJFM1VUTHRnVk1CMG1ZNE0yb04xaVk0ZHBNRGVQbEtoemhwNnNQQnNKWEJzVmk4RTJycHRKU2lOUlRFRTRCNlpzQmVvRjd2YVVHSG5XS01pM1ROampzS1ZGWjBkUmdUakhDaGNLUjI4U1I3UWNIS3VQYUwyS1VwZ0I?oc=5"" target=""_blank"">How Germany's skilled worker gap exposes migration hurdles</a>&nbsp;&nbsp;<font color=""#6f6f6f"">DW.com</font>",https://news.google.com/rss/articles/CBMilAFBVV95cUxOTldRWTB5S2I5YnZJRWZXVWE5bU0yR3NUeDZmNWFEdkREMmlHcXJhOTg5WWd4SDg2cTFqRnEwRmZzNnNhZGx2QnhON3hHQmF4X0dGNUhMY3Jqcmg5NlpVcWxORzlSa29xcXMxUlBNWjBhY3JWaDlFOHNEamwzeVFWdGlzMmw1UGNIMjI5Vmo1T0R6bHk10gGUAUFVX3lxTE9uNnBJQm5jRFFKb0VWdUVDUUxKNlJFM1VUTHRnVk1CMG1ZNE0yb04xaVk0ZHBNRGVQbEtoemhwNnNQQnNKWEJzVmk4RTJycHRKU2lOUlRFRTRCNlpzQmVvRjd2YVVHSG5XS01pM1ROampzS1ZGWjBkUmdUakhDaGNLUjI4U1I3UWNIS3VQYUwyS1VwZ0I?oc=5
en,ETIAS.com,2026-02-02 08:00:00,Germany’s Skilled Worker Shortage Hits a Wall,Germany’s Skilled Worker Shortage Hits a Wall,"<a href=""https://news.google.com/rss/articles/CBMihwFBVV95cUxOdFFneHNvazNPVlJEcC1DUGl5cUczVzlQREVTb0FuLW9JcFQyVUUyMVBZQzRDZjFvcUd4TFVKbXVBT1Z4QWNQcG80OWNtUkZ1YkdLREV5c0lYOE9hT0ItaGhyRjFLMVRHWkhDaGZQNlhOTlgycTl2NDhSRjVfWlhHT2o5aUFYY0E?oc=5"" target=""_blank"">Germany’s Skilled Worker Shortage Hits a Wall</a>&nbsp;&nbsp;<font color=""#6f6f6f"">ETIAS.com</font>",https://news.google.com/rss/articles/CBMihwFBVV95cUxOdFFneHNvazNPVlJEcC1DUGl5cUczVzlQREVTb0FuLW9JcFQyVUUyMVBZQzRDZjFvcUd4TFVKbXVBT1Z4QWNQcG80OWNtUkZ1YkdLREV5c0lYOE9hT0ItaGhyRjFLMVRHWkhDaGZQNlhOTlgycTl2NDhSRjVfWlhHT2o5aUFYY0E?oc=5
en,Konrad Wolfenstein,2026-02-16 08:00:00,"Altersdiskriminierung? Deutschlands absurdes Arbeitsmarktparadox: Millionen Erfahrene ohne Job, Millionen Stellen ohne Bewerber - Xpert.Digital","Altersdiskriminierung? Deutschlands absurdes Arbeitsmarktparadox: Millionen Erfahrene ohne Job, Millionen Stellen ohne Bewerber - Xpert.Digital","<a href=""https://news.google.com/rss/articles/CBMicEFVX3lxTE9pei1fYmdUZlZxR0RvUGZiSVJUUTdlUHpadHB6MkJXbDFQWUpQdXJ5UVczZjZiT0c4TWgyMXE1NzNlNFFrR0RoSUFRUDZXdWhyUE92Nl9zV19SOGhDU0Y3ckxOYVBxYzQzZlVuWlFyOVbSAXhBVV95cUxQeXQ2MjA0RjY1blBCUmZ1TlQtMXBndkZ0V01yTmd3TnNSbTRTSFI3ZFdLTkVQd0dBTEJ3bVdnU1Jkb0FfUnR0OWNNR3dGSC0xdDdWVWw4R0MweVRNTnZBOXFlQ3o1Vy0xeWdQV2VFVTUtUkZvSlNPbXE?oc=5"" target=""_blank"">Altersdiskriminierung? Deutschlands absurdes Arbeitsmarktparadox: Millionen Erfahrene ohne Job, Millionen Stellen ohne Bewerber</a>&nbsp;&nbsp;<font color=""#6f6f6f"">Xpert.Digital - Konrad Wolfenstein</font>",https://news.google.com/rss/articles/CBMicEFVX3lxTE9pei1fYmdUZlZxR0RvUGZiSVJUUTdlUHpadHB6MkJXbDFQWUpQdXJ5UVczZjZiT0c4TWgyMXE1NzNlNFFrR0RoSUFRUDZXdWhyUE92Nl9zV19SOGhDU0Y3ckxOYVBxYzQzZlVuWlFyOVbSAXhBVV95cUxQeXQ2MjA0RjY1blBCUmZ1TlQtMXBndkZ0V01yTmd3TnNSbTRTSFI3ZFdLTkVQd0dBTEJ3bVdnU1Jkb0FfUnR0OWNNR3dGSC0xdDdWVWw4R0MweVRNTnZBOXFlQ3o1Vy0xeWdQV2VFVTUtUkZvSlNPbXE?oc=5
de,zeit.de,2026-02-18 08:00:00,Arbeitsmarkt: Deutlich weniger Unternehmen klagen über Fachkräftemangel,Labor market: Significantly fewer companies complain about a shortage of skilled workers,"<a href=""https://news.google.com/rss/articles/CBMilwFBVV95cUxNSS1OOVk3Tmo5bmY4UWZOQzFaTnphVDBYdWpWa2M2VW1Pd3FjOGxQYmVvLThJOExXbzd4SmhhY1ZTMTl4NkExMGY2UXhhRGRpZDVTTldUWTV1cGVUOHljUTczSW9KTmhmY1VUYmJYcDY3aEpKTjBNLWZ6NFk1Z2FhQk43LUhtRnVnQXFKb1BOT2FIRnBMbmhn?oc=5"" target=""_blank"">Arbeitsmarkt: Deutlich weniger Unternehmen klagen über Fachkräftemangel</a>&nbsp;&nbsp;<font color=""#6f6f6f"">zeit.de</font>",https://news.google.com/rss/articles/CBMilwFBVV95cUxNSS1OOVk3Tmo5bmY4UWZOQzFaTnphVDBYdWpWa2M2VW1Pd3FjOGxQYmVvLThJOExXbzd4SmhhY1ZTMTl4NkExMGY2UXhhRGRpZDVTTldUWTV1cGVUOHljUTczSW9KTmhmY1VUYmJYcDY3aEpKTjBNLWZ6NFk1Z2FhQk43LUhtRnVnQXFKb1BOT2FIRnBMbmhn?oc=5
de,Spiegel,2026-02-18 08:00:00,Fachkräftemangel so gering wie seit fünf Jahren nicht mehr,The shortage of skilled workers is lower than it has been in five years,"<a href=""https://news.google.com/rss/articles/CBMi3gFBVV95cUxNNGVCYnk2Z1pDTURCX0lNNTM1Qm56ZG9KRndOZWpvSC04UkQ4QU5GemRfZ0tsYzY2cTREcG5YbnRQLUcxZVkySnJxVXJCcHZTeFVSdUoxdWV5c3NiMXhYaFJ3UnVHUWdnUWNJUFRQRzRTR0FZZlMyZ1BFNF9XSUlkVjRLNDF6Y3BIZ2owQXI0VjZfSmE2cjhSbk1zUmJ3UnV4bm1TZ3dmaXdxTmxTQktoazRfNGNiSjcySk1pek4xZ1dQeEhfMEFvNDByLVI3ZXQwMDBYZk12OXM3aEY1ZkE?oc=5"" target=""_blank"">Fachkräftemangel so gering wie seit fünf Jahren nicht mehr</a>&nbsp;&nbsp;<font color=""#6f6f6f"">Spiegel</font>",https://news.google.com/rss/articles/CBMi3gFBVV95cUxNNGVCYnk2Z1pDTURCX0lNNTM1Qm56ZG9KRndOZWpvSC04UkQ4QU5GemRfZ0tsYzY2cTREcG5YbnRQLUcxZVkySnJxVXJCcHZTeFVSdUoxdWV5c3NiMXhYaFJ3UnVHUWdnUWNJUFRQRzRTR0FZZlMyZ1BFNF9XSUlkVjRLNDF6Y3BIZ2owQXI0VjZfSmE2cjhSbk1zUmJ3UnV4bm1TZ3dmaXdxTmxTQktoazRfNGNiSjcySk1pek4xZ1dQeEhfMEFvNDByLVI3ZXQwMDBYZk12OXM3aEY1ZkE?oc=5
en,heise online,2026-02-19 08:00:00,"Skilled worker shortage in Germany eases, but structural problems remain","Skilled worker shortage in Germany eases, but structural problems remain","<a href=""https://news.google.com/rss/articles/CBMitAFBVV95cUxObm8wR3RhaU1ydDVyYTlGWm10WmxCamxNdXdrajhLTGtRUXU2b2h6MUNSWG9aTFhvOWVNY0lmVU80eldxVWRIMmF3UmxRMWpjSS1zbDdVYXRwR1l5ZkhRdVFRMUlpeGNtQ3Jpb0c2c3hGaEN0TWc0YVhOYTEzQmRqZ0RLbEtPZDBpMmZGUFJkRTdYRWE2WE1GWVdVd0dCUVNma2xOb3Rzdk9LOHFFX2VDSHAyOFA?oc=5"" target=""_blank"">Skilled worker shortage in Germany eases, but structural problems remain</a>&nbsp;&nbsp;<font color=""#6f6f6f"">heise online</font>",https://news.google.com/rss/articles/CBMitAFBVV95cUxObm8wR3RhaU1ydDVyYTlGWm10WmxCamxNdXdrajhLTGtRUXU2b2h6MUNSWG9aTFhvOWVNY0lmVU80eldxVWRIMmF3UmxRMWpjSS1zbDdVYXRwR1l5ZkhRdVFRMUlpeGNtQ3Jpb0c2c3hGaEN0TWc0YVhOYTEzQmRqZ0RLbEtPZDBpMmZGUFJkRTdYRWE2WE1GWVdVd0dCUVNma2xOb3Rzdk9LOHFFX2VDSHAyOFA?oc=5
de,Deutsche Krankenhausgesellschaft,2026-02-25 11:30:19,Der DKG Fachkräftemonitor,The DKG skilled worker monitor,"<a href=""https://news.google.com/rss/articles/CBMif0FVX3lxTE8wb0FPY1FMVjJycWVPZ2dKaHN2dHNJOHV1d2ZzUnBsS1JJdDZMZGFHOFJuVjhjMjh3SUVsWmpnTk5wb3NRUTRIQldkU1R0Q1d0NnAyNUNuUnNaak80cUxDTkRKeVlKN1YwYkpMbG40MzlvWmlkY3FGb1l5bDY2c0k?oc=5"" target=""_blank"">Der DKG Fachkräftemonitor</a>&nbsp;&nbsp;<font color=""#6f6f6f"">Deutsche Krankenhausgesellschaft</font>",https://news.google.com/rss/articles/CBMif0FVX3lxTE8wb0FPY1FMVjJycWVPZ2dKaHN2dHNJOHV1d2ZzUnBsS1JJdDZMZGFHOFJuVjhjMjh3SUVsWmpnTk5wb3NRUTRIQldkU1R0Q1d0NnAyNUNuUnNaak80cUxDTkRKeVlKN1YwYkpMbG40MzlvWmlkY3FGb1l5bDY2c0k?oc=5
en,Migration and Home Affairs,2026-02-27 08:00:00,Developments and research on migrant employment in Germany,Developments and research on migrant employment in Germany,"<a href=""https://news.google.com/rss/articles/CBMiqAFBVV95cUxNRHg3RFJfUm9yV1ZVRXAycW9lZ29xekRBYWhKZUNybnBDZm9wXzdkclpMVGs1cENOVzQxMlgtb3hUTjJNQ3EweloyYk1IMDRLTVUtYmNaeEJQSmlEaHJHVzlvaUV5elNVMjFXMjh5Wkg0TERpY0laOTQ3d2htLXJjbWJESnFiQkU5Ump5WDV1VU93bGR3QmRnSWFLTkJ2MjVEekMtMEVhUHI?oc=5"" target=""_blank"">Developments and research on migrant employment in Germany</a>&nbsp;&nbsp;<font color=""#6f6f6f"">Migration and Home Affairs</font>",https://news.google.com/rss/articles/CBMiqAFBVV95cUxNRHg3RFJfUm9yV1ZVRXAycW9lZ29xekRBYWhKZUNybnBDZm9wXzdkclpMVGs1cENOVzQxMlgtb3hUTjJNQ3EweloyYk1IMDRLTVUtYmNaeEJQSmlEaHJHVzlvaUV5elNVMjFXMjh5Wkg0TERpY0laOTQ3d2htLXJjbWJESnFiQkU5Ump5WDV1VU93bGR3QmRnSWFLTkJ2MjVEekMtMEVhUHI?oc=5
en,DW.com,2026-03-04 08:00:00,Germany news: Skilled craft sector faces huge labor shortage,Germany news: Skilled craft sector faces huge labor shortage,"<a href=""https://news.google.com/rss/articles/CBMimwFBVV95cUxPS3NhT1MxVEktTnNQcmhHa1EwWnY5T0dCY2tkUXRHTzlJTzYyWUtYV1pOOG42OTlFeEZwaXJ5M2J1aVJaSkJueXNrWDFCLUtObTlEUU4zdDlOZXYzMlczZThtYXdSbkh2LUN6OVoycE5rRkRYRmFlMHl1TGRkUUZfaFoyUUF1NHRXUUR6andBdl9mNkloSzNPMTFabw?oc=5"" target=""_blank"">Germany news: Skilled craft sector faces huge labor shortage</a>&nbsp;&nbsp;<font color=""#6f6f6f"">DW.com</font>",https://news.google.com/rss/articles/CBMimwFBVV95cUxPS3NhT1MxVEktTnNQcmhHa1EwWnY5T0dCY2tkUXRHTzlJTzYyWUtYV1pOOG42OTlFeEZwaXJ5M2J1aVJaSkJueXNrWDFCLUtObTlEUU4zdDlOZXYzMlczZThtYXdSbkh2LUN6OVoycE5rRkRYRmFlMHl1TGRkUUZfaFoyUUF1NHRXUUR6andBdl9mNkloSzNPMTFabw?oc=5
en,Mining.com.au,2026-03-04 08:00:00,Germany faces shortage of skilled workers,Germany faces shortage of skilled workers,"<a href=""https://news.google.com/rss/articles/CBMickFVX3lxTFA5SkNiRGJmX2d5X1g1ekpuSG1BWmYxNnI5bUQwQXg1TnBvM1JUTXRnaVVFMW9OeGl5aXBkWlI0Ty1jZWpyc3ktNG1URGdxTUJ0amJLenpoenh5UzF6S29vSEl1Vl9QclVWOE5LaVUwaUtNZw?oc=5"" target=""_blank"">Germany faces shortage of skilled workers</a>&nbsp;&nbsp;<font color=""#6f6f6f"">Mining.com.au</font>",https://news.google.com/rss/articles/CBMickFVX3lxTFA5SkNiRGJmX2d5X1g1ekpuSG1BWmYxNnI5bUQwQXg1TnBvM1JUTXRnaVVFMW9OeGl5aXBkWlI0Ty1jZWpyc3ktNG1URGdxTUJ0amJLenpoenh5UzF6S29vSEl1Vl9QclVWOE5LaVUwaUtNZw?oc=5
en,Table.Briefings,2026-03-13 07:00:00,BMZ: Alliance for fair recruitment of skilled workers launched,BMZ: Alliance for fair recruitment of skilled workers launched,"<a href=""https://news.google.com/rss/articles/CBMinAFBVV95cUxNMFVHYXFpTTZwLUFWX0ltbGFDRHNnUUNDaExLMjNrbXJCczBZbUY3R196Q3lZV0NOVnprR21pV2FBeHozTlpqeDE3SFJjZmtDbjBUVGxMMkN1WDVqRl90UndWbTlMLTNpLVUzeVNOM1ppZ2ZOUzQ5RTU4WEdmQkZwVWVfTktKNWU2RTZLN0NvS3FaVXA4dDNsWG83SEo?oc=5"" target=""_blank"">BMZ: Alliance for fair recruitment of skilled workers launched</a>&nbsp;&nbsp;<font color=""#6f6f6f"">Table.Briefings</font>",https://news.google.com/rss/articles/CBMinAFBVV95cUxNMFVHYXFpTTZwLUFWX0ltbGFDRHNnUUNDaExLMjNrbXJCczBZbUY3R196Q3lZV0NOVnprR21pV2FBeHozTlpqeDE3SFJjZmtDbjBUVGxMMkN1WDVqRl90UndWbTlMLTNpLVUzeVNOM1ppZ2ZOUzQ5RTU4WEdmQkZwVWVfTktKNWU2RTZLN0NvS3FaVXA4dDNsWG83SEo?oc=5
en,Phys.org,2026-03-17 07:00:00,How AI is changing the demand for skilled workers in Germany,How AI is changing the demand for skilled workers in Germany,"<a href=""https://news.google.com/rss/articles/CBMid0FVX3lxTFB6SnV3V1RDbExZUTViWGkyTFdjOV84Nm83SC04Q0pfM0dxdkRoVGJzZmgwWko3SUFHMW1oS0RxT2RIMHdKVzRkaFd5TXYzUFpnUDN2N3c3OW5mWlhRVENPS0ttbFFJV3M0TlZmZ3Z5ZGlxZVc0eVcw?oc=5"" target=""_blank"">How AI is changing the demand for skilled workers in Germany</a>&nbsp;&nbsp;<font color=""#6f6f6f"">Phys.org</font>",https://news.google.com/rss/articles/CBMid0FVX3lxTFB6SnV3V1RDbExZUTViWGkyTFdjOV84Nm83SC04Q0pfM0dxdkRoVGJzZmgwWko3SUFHMW1oS0RxT2RIMHdKVzRkaFd5TXYzUFpnUDN2N3c3OW5mWlhRVENPS0ttbFFJV3M0TlZmZ3Z5ZGlxZVc0eVcw?oc=5
en,Table.Briefings,2026-03-18 07:00:00,Why Indian immigration to Germany needs to be adjusted,Why Indian immigration to Germany needs to be adjusted,"<a href=""https://news.google.com/rss/articles/CBMilgFBVV95cUxQemhOYlZlaW1LNk1UWkpKamdydWM4VWZSR0tQblJuMkd3TXA1Y0N1SFY2QWNXZjM1R0hTU2k4clZVdmNxR09Ob25ub09mT013UVk4cUZPRTJLRGRWZjZSTTV3NUZaUDhud3RoNG91M1YxQjFseVRpSTN0N0FhNjFRSjZpOUExNS1UXy1GV3lLX09YNEdmdmc?oc=5"" target=""_blank"">Why Indian immigration to Germany needs to be adjusted</a>&nbsp;&nbsp;<font color=""#6f6f6f"">Table.Briefings</font>",https://news.google.com/rss/articles/CBMilgFBVV95cUxQemhOYlZlaW1LNk1UWkpKamdydWM4VWZSR0tQblJuMkd3TXA1Y0N1SFY2QWNXZjM1R0hTU2k4clZVdmNxR09Ob25ub09mT013UVk4cUZPRTJLRGRWZjZSTTV3NUZaUDhud3RoNG91M1YxQjFseVRpSTN0N0FhNjFRSjZpOUExNS1UXy1GV3lLX09YNEdmdmc?oc=5
en,BBC,2026-03-22 07:00:00,Germany turns to Indian workers to help solve labour shortage,Germany turns to Indian workers to help solve labour shortage,"<a href=""https://news.google.com/rss/articles/CBMiWkFVX3lxTE5WYWxSVkowV3JDVlNvc19xYmFTQ0U1VHlVTXlsWXdKYVFfbjFRTS13cXhQaVE1QUpMNExSWHg5bW5DcTRSenpqNkdVaEJRVEI0eTlQVkZ1MzBqQQ?oc=5"" target=""_blank"">Germany turns to Indian workers to help solve labour shortage</a>&nbsp;&nbsp;<font color=""#6f6f6f"">BBC</font>",https://news.google.com/rss/articles/CBMiWkFVX3lxTE5WYWxSVkowV3JDVlNvc19xYmFTQ0U1VHlVTXlsWXdKYVFfbjFRTS13cXhQaVE1QUpMNExSWHg5bW5DcTRSenpqNkdVaEJRVEI0eTlQVkZ1MzBqQQ?oc=5
en,DW.com,2026-03-22 07:00:00,Germany launches alliance to fairly recruit skilled workers,Germany launches alliance to fairly recruit skilled workers,"<a href=""https://news.google.com/rss/articles/CBMilwFBVV95cUxQSjBpWGdMM1JVZWJOcWl1N3FCa1B6VUgwRUFoWWNNLVdHenZqOV90aVR2RThXUkFjM29haFlMNklZSDJEZV9YemtlRlBKTGtnVUJNRGI4NzYyRVVPTkowcXlaaDlQdHBhRjlRMlpSM0xOU0RXUnlCa1FUY0g1N21BanFHNnFRaXE2UUNXb2hpOUV2S3I3b2040gGXAUFVX3lxTE9OWDZ0U1JJNWl5ZUJVRVRRVjdZZ18ycFE2NkFGWUs2NWliME56ck1rcTVYXzdzTWVKNjhjejk5Mmx6Wktub3N3Y2FGdW5iNWpJOTdISHkzbFpyeG9jUjdxR3FiZFhuN1R6dXpIZU5HWXlIQTB6WEQ1MUxDZ0FmSFBkbW9KYVFMWVh2SktBX2ZpeFFiX0dKTFE?oc=5"" target=""_blank"">Germany launches alliance to fairly recruit skilled workers</a>&nbsp;&nbsp;<font color=""#6f6f6f"">DW.com</font>",https://news.google.com/rss/articles/CBMilwFBVV95cUxQSjBpWGdMM1JVZWJOcWl1N3FCa1B6VUgwRUFoWWNNLVdHenZqOV90aVR2RThXUkFjM29haFlMNklZSDJEZV9YemtlRlBKTGtnVUJNRGI4NzYyRVVPTkowcXlaaDlQdHBhRjlRMlpSM0xOU0RXUnlCa1FUY0g1N21BanFHNnFRaXE2UUNXb2hpOUV2S3I3b2040gGXAUFVX3lxTE9OWDZ0U1JJNWl5ZUJVRVRRVjdZZ18ycFE2NkFGWUs2NWliME56ck1rcTVYXzdzTWVKNjhjejk5Mmx6Wktub3N3Y2FGdW5iNWpJOTdISHkzbFpyeG9jUjdxR3FiZFhuN1R6dXpIZU5HWXlIQTB6WEQ1MUxDZ0FmSFBkbW9KYVFMWVh2SktBX2ZpeFFiX0dKTFE?oc=5
en,NDTV Profit,2026-03-23 07:00:00,Germany Turns To India Amid Workforce Gap As Labour Crisis Deepens,Germany Turns To India Amid Workforce Gap As Labour Crisis Deepens,"<a href=""https://news.google.com/rss/articles/CBMirAFBVV95cUxPNzhmRlVuVGtUT2ZSVVFZREc1ZzBUOUlwOVVCRy1kUDVpdTFULWJvX2pORUVuR0tjRGVKa1hJTG9KUEM0RGRQcTlKUlE0YXdTYldPLW5QVWxUZUJFTUgyM0JPQko1OFNZYjJQRk1Eam90WW5UZXI3WXg0dXd5WEdneUROZ3VnU1BTdnJwbGl0V3V3YkRJNnhlbWRRa2JyYWtLaHh4dkpoRDVUMGp20gG0AUFVX3lxTFBBTHpqelBqUkhBcTROYnV3TzBqTmMzbkxNLU54X08wenZDbjlTNzIzY25pZ0lwNG03UWNKSnpiZ2w5VExVTDYzTUNYTUFFQmZwYUhvekNEem01eWVQSXU5OUdGZzZHRVNiU3JQOWVScDVid1B6aDhFM3gwREFRdE1fenZtZm9jYzBDX3M3T1ZRVmRrb0Q4R1FnMUp2Q3hvOEF1NUdad1czVGVTSkNhR0I2Z2VYZg?oc=5"" target=""_blank"">Germany Turns To India Amid Workforce Gap As Labour Crisis Deepens</a>&nbsp;&nbsp;<font color=""#6f6f6f"">NDTV Profit</font>",https://news.google.com/rss/articles/CBMirAFBVV95cUxPNzhmRlVuVGtUT2ZSVVFZREc1ZzBUOUlwOVVCRy1kUDVpdTFULWJvX2pORUVuR0tjRGVKa1hJTG9KUEM0RGRQcTlKUlE0YXdTYldPLW5QVWxUZUJFTUgyM0JPQko1OFNZYjJQRk1Eam90WW5UZXI3WXg0dXd5WEdneUROZ3VnU1BTdnJwbGl0V3V3YkRJNnhlbWRRa2JyYWtLaHh4dkpoRDVUMGp20gG0AUFVX3lxTFBBTHpqelBqUkhBcTROYnV3TzBqTmMzbkxNLU54X08wenZDbjlTNzIzY25pZ0lwNG03UWNKSnpiZ2w5VExVTDYzTUNYTUFFQmZwYUhvekNEem01eWVQSXU5OUdGZzZHRVNiU3JQOWVScDVid1B6aDhFM3gwREFRdE1fenZtZm9jYzBDX3M3T1ZRVmRrb0Q4R1FnMUp2Q3hvOEF1NUdad1czVGVTSkNhR0I2Z2VYZg?oc=5
en,CNBC TV18,2026-03-23 07:00:00,Labour shortage in Germany drives demand for Indian workers as industries struggle to replace retiring staff,Labour shortage in Germany drives demand for Indian workers as industries struggle to replace retiring staff,"<a href=""https://news.google.com/rss/articles/CBMi7wFBVV95cUxNS2xGNy1GMFpMQUVJWnpUY2lRNGxMZzJ1RlNXUk9fWGVEbUpOeU16SF9UdlBQR0tURndxdDN6TVNmdllsYlZDRTJqdll4MnhrMTdxWEMxSVotSFZWaXdXSm9rVWJsV3dYRkMxZl80d1Q3TlYzb3h1aXVnWmxEYkdNWnZUamlzbFNlaFFhVXVFeFpwbEZEaGgtbEs5aU9lNTF4MGlBZGRRekY1LXhoNGw1TUdRbFJMbmxoUkRtQVluS3dxbnVIdGxJOG9ON3l4SVZ0TjFvWmdrbzZ1dmUyS2E4LVFWRS1zb3hhVFB5WG1VWdIB9AFBVV95cUxPNTlOQkQ2Skd2SVVtMkdUWW1jZS1VbHVFZzZCMDNWZGdwYk9ySGw2N0ppaGp6dmtqbDViMkppaDM5ZXJWNW9vTTBSYnNPS0t3dEEzV19MeUdxWE1sR25LTXFrSDJqVzVZMUlyeWdZWEZhOWlVWjBGVW1QZkhGaERLdUs3NFd6dllfRHpwbHB5cmJybkVZWkpEeXA0QXFhanZWUWlVWHMzZzh3bGh6TC1mM2ZEZlcxUHZKbHhTc0pnb3RtUHRMMVZwcU1aVXNTdEFITTZ4cTE4WV9aX3FIZzNIWmIxOFVUd3JrOXF1ZWRiclJjc1Nm?oc=5"" target=""_blank"">Labour shortage in Germany drives demand for Indian workers as industries struggle to replace retiring staff</a>&nbsp;&nbsp;<font color=""#6f6f6f"">CNBC TV18</font>",https://news.google.com/rss/articles/CBMi7wFBVV95cUxNS2xGNy1GMFpMQUVJWnpUY2lRNGxMZzJ1RlNXUk9fWGVEbUpOeU16SF9UdlBQR0tURndxdDN6TVNmdllsYlZDRTJqdll4MnhrMTdxWEMxSVotSFZWaXdXSm9rVWJsV3dYRkMxZl80d1Q3TlYzb3h1aXVnWmxEYkdNWnZUamlzbFNlaFFhVXVFeFpwbEZEaGgtbEs5aU9lNTF4MGlBZGRRekY1LXhoNGw1TUdRbFJMbmxoUkRtQVluS3dxbnVIdGxJOG9ON3l4SVZ0TjFvWmdrbzZ1dmUyS2E4LVFWRS1zb3hhVFB5WG1VWdIB9AFBVV95cUxPNTlOQkQ2Skd2SVVtMkdUWW1jZS1VbHVFZzZCMDNWZGdwYk9ySGw2N0ppaGp6dmtqbDViMkppaDM5ZXJWNW9vTTBSYnNPS0t3dEEzV19MeUdxWE1sR25LTXFrSDJqVzVZMUlyeWdZWEZhOWlVWjBGVW1QZkhGaERLdUs3NFd6dllfRHpwbHB5cmJybkVZWkpEeXA0QXFhanZWUWlVWHMzZzh3bGh6TC1mM2ZEZlcxUHZKbHhTc0pnb3RtUHRMMVZwcU1aVXNTdEFITTZ4cTE4WV9aX3FIZzNIWmIxOFVUd3JrOXF1ZWRiclJjc1Nm?oc=5
en,India Today,2026-03-23 07:00:00,"Ageing Germany looks to India to fill job slots, from healthcare to IT to plumbing","Ageing Germany looks to India to fill job slots, from healthcare to IT to plumbing","<a href=""https://news.google.com/rss/articles/CBMi5gFBVV95cUxNMzFhbnU0d2t6MExKcS1nQ1R1RG5BVHNrRG1NVHhsa3lkSTMydzhUVDNfLUlYWWxLNFhIRG1LTjlkZ0h4LThZRDFheVFoSWJjR0lqaTBYdXFWbTJMV2doeXNjS3RETGlCZmJHLURwMjlRcmRwdi1PMUxmRUgxTURCQnBNQ1RpdEdFVkF1dExpVzlQR0xjcUlOMWZWY3MyeldLRUVPM3E3LVoxQzR1eDBsYkQ3Q0JhNjdCQmJ6Z0c5X2JKbEl2Qm55TVFaMzlQMFVXdWtkMGRwYnM3bE9nUTMwRmJrVkFLUdIB6wFBVV95cUxNLWF1MGdXVmk3cUdPb2hjRGxuVTBrSzBjd2JzUlgxaXh1VHlJVzlidll6RV84d2tJakRGSmpQLWhlSjlBUG5KT0FGSS1tbktndnV3N3l6MXBtVVY0Q1duMTZKWDZrSGRlN08zQ0twLUtlTmtqT1hIZTV4ajQ1V3ZBNFNvR1NrWnl1MUdsZ3JRM20wQ1R5NlhWRE9nUWZQTXI2NGlycVM2SlotNWF5NV9uQVFNSUtmUzh3bVNhekJfRGFOeURXVVNZenNJU2hZSWV6d2pVdVNYQWhqU3NrbEVOQk9saWl3djRiTTBn?oc=5"" target=""_blank"">Ageing Germany looks to India to fill job slots, from healthcare to IT to plumbing</a>&nbsp;&nbsp;<font color=""#6f6f6f"">India Today</font>",https://news.google.com/rss/articles/CBMi5gFBVV95cUxNMzFhbnU0d2t6MExKcS1nQ1R1RG5BVHNrRG1NVHhsa3lkSTMydzhUVDNfLUlYWWxLNFhIRG1LTjlkZ0h4LThZRDFheVFoSWJjR0lqaTBYdXFWbTJMV2doeXNjS3RETGlCZmJHLURwMjlRcmRwdi1PMUxmRUgxTURCQnBNQ1RpdEdFVkF1dExpVzlQR0xjcUlOMWZWY3MyeldLRUVPM3E3LVoxQzR1eDBsYkQ3Q0JhNjdCQmJ6Z0c5X2JKbEl2Qm55TVFaMzlQMFVXdWtkMGRwYnM3bE9nUTMwRmJrVkFLUdIB6wFBVV95cUxNLWF1MGdXVmk3cUdPb2hjRGxuVTBrSzBjd2JzUlgxaXh1VHlJVzlidll6RV84d2tJakRGSmpQLWhlSjlBUG5KT0FGSS1tbktndnV3N3l6MXBtVVY0Q1duMTZKWDZrSGRlN08zQ0twLUtlTmtqT1hIZTV4ajQ1V3ZBNFNvR1NrWnl1MUdsZ3JRM20wQ1R5NlhWRE9nUWZQTXI2NGlycVM2SlotNWF5NV9uQVFNSUtmUzh3bVNhekJfRGFOeURXVVNZenNJU2hZSWV6d2pVdVNYQWhqU3NrbEVOQk9saWl3djRiTTBn?oc=5
en,The Times of India,2026-03-23 07:00:00,'Wouldn't be in business today without India': Why Germany is 'desperate' for millions of Indians to save,'Wouldn't be in business today without India': Why Germany is 'desperate' for millions of Indians to save,"<a href=""https://news.google.com/rss/articles/CBMilAJBVV95cUxQZDRmSmZkZ0JlQWM4VG5veHBsWEdGNjVqRmlGTDlfNjM0SWo2Z05SX1VuM3NDT1N2cC1RTVhNaXJPZnl5NFZWR3ViZ2VCeGp0Q2RKSGttNmRKdTVPMXFQQ3VURzA4U3IzV2pJTjQwTmRrU1B3YjJoOUFMcmpIbTVwNXByWlZidHNaVHcyZFV3MkJDNW91UEVSdG9fMW5ydC1reEI1WW0wNUNoZ1Y4TmQ5LTlQanBURFhLQURudmFoRlJoS0tsM05iSjdzSWhvTHpQRHdpbDJqZk5VcUwwMC1iMGFCeE5VVlQ1VFdOTkNYSlZTNC1BZ3dDd01Pd3VUWXNSVHlkWVFCeERrY0c2QklNRzB0VFDSAZoCQVVfeXFMTWptXzFLTjUxY3NKamNpTUNsZ1ZGT0VDVTVfRndmMC1BSUVfRlZoY1ZDM283VmFubU1FR2pUUHhTU3YycDZiNFk3LUF0QlZLTC03VWZQRklTN1dWQzhTMjVLeWZ6SDEyc29xc0w2RlBZcUtaYVlnTFFheFFZWWIyTkRRQlRQMGxsQXNWdlQ0RV9Zd3N6dW5lTXRPYlB5MC1DaUttU0VBWUtJcDc2S2lqVVdNMElqcjJsLVU1Mml6bGctRmwxbTFJWWZZNnVHU09yQXloemI5TmZtTVF5ZkZmblExUVJuUkpaM2llNUI5N0poMi1pOTlYMmNFajMwQzFlWFJDQkJVajNtdzhfRWp1UkhramtXc1lzcjN3?oc=5"" target=""_blank"">'Wouldn't be in business today without India': Why Germany is 'desperate' for millions of Indians to save</a>&nbsp;&nbsp;<font color=""#6f6f6f"">The Times of India</font>",https://news.google.com/rss/articles/CBMilAJBVV95cUxQZDRmSmZkZ0JlQWM4VG5veHBsWEdGNjVqRmlGTDlfNjM0SWo2Z05SX1VuM3NDT1N2cC1RTVhNaXJPZnl5NFZWR3ViZ2VCeGp0Q2RKSGttNmRKdTVPMXFQQ3VURzA4U3IzV2pJTjQwTmRrU1B3YjJoOUFMcmpIbTVwNXByWlZidHNaVHcyZFV3MkJDNW91UEVSdG9fMW5ydC1reEI1WW0wNUNoZ1Y4TmQ5LTlQanBURFhLQURudmFoRlJoS0tsM05iSjdzSWhvTHpQRHdpbDJqZk5VcUwwMC1iMGFCeE5VVlQ1VFdOTkNYSlZTNC1BZ3dDd01Pd3VUWXNSVHlkWVFCeERrY0c2QklNRzB0VFDSAZoCQVVfeXFMTWptXzFLTjUxY3NKamNpTUNsZ1ZGT0VDVTVfRndmMC1BSUVfRlZoY1ZDM283VmFubU1FR2pUUHhTU3YycDZiNFk3LUF0QlZLTC03VWZQRklTN1dWQzhTMjVLeWZ6SDEyc29xc0w2RlBZcUtaYVlnTFFheFFZWWIyTkRRQlRQMGxsQXNWdlQ0RV9Zd3N6dW5lTXRPYlB5MC1DaUttU0VBWUtJcDc2S2lqVVdNMElqcjJsLVU1Mml6bGctRmwxbTFJWWZZNnVHU09yQXloemI5TmZtTVF5ZkZmblExUVJuUkpaM2llNUI5N0poMi1pOTlYMmNFajMwQzFlWFJDQkJVajNtdzhfRWp1UkhramtXc1lzcjN3?oc=5
en,NDTV,2026-03-23 07:00:00,Why Indian Talent Is In High Demand As Germany Struggles With Workforce Shortages,Why Indian Talent Is In High Demand As Germany Struggles With Workforce Shortages,"<a href=""https://news.google.com/rss/articles/CBMivwFBVV95cUxONGlkQU5tc0w0eWxnU29MdkswUEVLQURmNDFlRF94ajBHX1k4d3lobzFpc3lSWF9xdHJIMmlMREhaa0xVMTFKanN4aTdOQVZBWDFUbFRIbEpJNF82N2RMRXY0MVphR0JZcFF4WFlIWGhJZG5jUmdLVTZLbXlvOEZ0OXFwVmsyT1RybDhncnF2S2tENFF4N2dWU3hmVVVBaXNoY1JNYWZlRnFQU21XREQ1OWFSZFoxMC1JQVBMWHNrOA?oc=5"" target=""_blank"">Why Indian Talent Is In High Demand As Germany Struggles With Workforce Shortages</a>&nbsp;&nbsp;<font color=""#6f6f6f"">NDTV</font>",https://news.google.com/rss/articles/CBMivwFBVV95cUxONGlkQU5tc0w0eWxnU29MdkswUEVLQURmNDFlRF94ajBHX1k4d3lobzFpc3lSWF9xdHJIMmlMREhaa0xVMTFKanN4aTdOQVZBWDFUbFRIbEpJNF82N2RMRXY0MVphR0JZcFF4WFlIWGhJZG5jUmdLVTZLbXlvOEZ0OXFwVmsyT1RybDhncnF2S2tENFF4N2dWU3hmVVVBaXNoY1JNYWZlRnFQU21XREQ1OWFSZFoxMC1JQVBMWHNrOA?oc=5
en,theweek.in,2026-03-23 07:00:00,Why Germany is 'desperate' for Indians amid critical skilled labour shortage,Why Germany is 'desperate' for Indians amid critical skilled labour shortage,"<a href=""https://news.google.com/rss/articles/CBMiwAFBVV95cUxORW10QXJ1TEZsMzFoR0VoSDM4V01ldjdoY2xmOFowdXYzNzRMWlR0NmF0ZjQ4bVRWWHpmWGtzN09jMWd5RXVvMzJ6QWFubVBCYnlJTFRkX0M5WTZ2N2NGZGM4eEcwNUhmUUZDSjlqN3FKUGxTY2o0a0FYeWRXXzc5bDRXYnFOWmZmczdyZkZFLTBvODZkQnk5d3llaDM1dERUZldiTjV1azRpLWR2czZfaVFvQlJwaVUxUzZIcW93cVLSAcYBQVVfeXFMTm1YcVpVYXdaVy1HN1BNVUJDdGFkZWF5MEFfSlAwRTV5eWR6YTFiejNaTy1WS0tDUTlPblhTV09mM2t5Z3lQUGltSVFBZ1FlWmt6T3ZvQlZRSk5HY3p1VFRsM3M3UXpROVpRYzJzcWMtTFFaZUVCN1hkXzlnSWNVaFFvbW5ySUNXTy1wdFdUTFV5bHZxendBd0taeU80akdhRjA3N3pFVzlJbC1NWlZnTTlMM01lNWpmVVVtQnJDWWx2RXhNUkZn?oc=5"" target=""_blank"">Why Germany is 'desperate' for Indians amid critical skilled labour shortage</a>&nbsp;&nbsp;<font color=""#6f6f6f"">theweek.in</font>",https://news.google.com/rss/articles/CBMiwAFBVV95cUxORW10QXJ1TEZsMzFoR0VoSDM4V01ldjdoY2xmOFowdXYzNzRMWlR0NmF0ZjQ4bVRWWHpmWGtzN09jMWd5RXVvMzJ6QWFubVBCYnlJTFRkX0M5WTZ2N2NGZGM4eEcwNUhmUUZDSjlqN3FKUGxTY2o0a0FYeWRXXzc5bDRXYnFOWmZmczdyZkZFLTBvODZkQnk5d3llaDM1dERUZldiTjV1azRpLWR2czZfaVFvQlJwaVUxUzZIcW93cVLSAcYBQVVfeXFMTm1YcVpVYXdaVy1HN1BNVUJDdGFkZWF5MEFfSlAwRTV5eWR6YTFiejNaTy1WS0tDUTlPblhTV09mM2t5Z3lQUGltSVFBZ1FlWmt6T3ZvQlZRSk5HY3p1VFRsM3M3UXpROVpRYzJzcWMtTFFaZUVCN1hkXzlnSWNVaFFvbW5ySUNXTy1wdFdUTFV5bHZxendBd0taeU80akdhRjA3N3pFVzlJbC1NWlZnTTlMM01lNWpmVVVtQnJDWWx2RXhNUkZn?oc=5
en,Business Standard,2026-03-24 07:00:00,"Germany crisis: Indian workers fill rising skill gaps, labour shortages","Germany crisis: Indian workers fill rising skill gaps, labour shortages","<a href=""https://news.google.com/rss/articles/CBMi0AFBVV95cUxPTHZvWWFMaE1oUm4zZElKWHhKTW01M0FhYWg0b25WcDkwcThXVEpYNlNqWWwtREljU0RtcVZ5cjFXdWRDMHIyQXVfZ20tM1JwaUFDNXdOeE1aSFJnSUhrdV9lYl9MQmQ3NjhRa3lOc1RNeVFXMmRrYTJlUHdOOEw5UnBWWTlLSXptQzVpWk9IR05DTFZpby1tZGNVWjEtenlvSGl1cDBvaFA1X3dJalVqdUN1aGNOeDBxdXpkeHJfN1NkSFBVei1xVWJxVjd5TllG0gHWAUFVX3lxTE9JZVgtZGxNM1NGYjZRY0lvNTdlc0k0dnNJUWpYRzM4bm9nV3JreE9ZYjNSZDFBc0lWMGZDc1JXS3dVVHpwNUZiWkJGN0VJalRVUEZxZU1rWkF3ckxhRTJ1UjBBb2I0bkVnYVBBWklYMlR0NVZNWGFDb1pKQktEMGk5NWxKRXhtbC0yTmpNak50M0FJZTBuZ0dIRGhMNG5vdXd1b3pVNjlxQmJjdDJseXJsTGV1SDF6Ylp4V3FFdDZOOWVRamxfVzZMTTZveFFTUmZNRTRGSEE?oc=5"" target=""_blank"">Germany crisis: Indian workers fill rising skill gaps, labour shortages</a>&nbsp;&nbsp;<font color=""#6f6f6f"">Business Standard</font>",https://news.google.com/rss/articles/CBMi0AFBVV95cUxPTHZvWWFMaE1oUm4zZElKWHhKTW01M0FhYWg0b25WcDkwcThXVEpYNlNqWWwtREljU0RtcVZ5cjFXdWRDMHIyQXVfZ20tM1JwaUFDNXdOeE1aSFJnSUhrdV9lYl9MQmQ3NjhRa3lOc1RNeVFXMmRrYTJlUHdOOEw5UnBWWTlLSXptQzVpWk9IR05DTFZpby1tZGNVWjEtenlvSGl1cDBvaFA1X3dJalVqdUN1aGNOeDBxdXpkeHJfN1NkSFBVei1xVWJxVjd5TllG0gHWAUFVX3lxTE9JZVgtZGxNM1NGYjZRY0lvNTdlc0k0dnNJUWpYRzM4bm9nV3JreE9ZYjNSZDFBc0lWMGZDc1JXS3dVVHpwNUZiWkJGN0VJalRVUEZxZU1rWkF3ckxhRTJ1UjBBb2I0bkVnYVBBWklYMlR0NVZNWGFDb1pKQktEMGk5NWxKRXhtbC0yTmpNak50M0FJZTBuZ0dIRGhMNG5vdXd1b3pVNjlxQmJjdDJseXJsTGV1SDF6Ylp4V3FFdDZOOWVRamxfVzZMTTZveFFTUmZNRTRGSEE?oc=5
en,Y-Axis Overseas Careers,2026-03-24 07:00:00,Germany faces major labour shortage and turns to Indian talent to fill skill gaps. Check your eligibility now!,Germany faces major labour shortage and turns to Indian talent to fill skill gaps. Check your eligibility now!,"<a href=""https://news.google.com/rss/articles/CBMilgFBVV95cUxNZHhZZk5YaXNDNThtYzhMT3M1bERSWFdfZHpxT083STVHR05EY0hCeDZ6WUhjZGc4dlVSTW5tOWJFZWVoNGhya19XaHBuekNWSk5LOWJNVG1FdkVTQWlLUXNkeWsxaHMwSV9ma19JV0F4Y05seUxMUm5FcUszT1pEWHhpWjV3Mk43LWJLSHNpTnFhUjJHUnc?oc=5"" target=""_blank"">Germany faces major labour shortage and turns to Indian talent to fill skill gaps. Check your eligibility now!</a>&nbsp;&nbsp;<font color=""#6f6f6f"">Y-Axis Overseas Careers</font>",https://news.google.com/rss/articles/CBMilgFBVV95cUxNZHhZZk5YaXNDNThtYzhMT3M1bERSWFdfZHpxT083STVHR05EY0hCeDZ6WUhjZGc4dlVSTW5tOWJFZWVoNGhya19XaHBuekNWSk5LOWJNVG1FdkVTQWlLUXNkeWsxaHMwSV9ma19JV0F4Y05seUxMUm5FcUszT1pEWHhpWjV3Mk43LWJLSHNpTnFhUjJHUnc?oc=5
en,India Today,2026-03-25 07:00:00,"90,000 work visas: Why Germany is turning to India's youth","90,000 work visas: Why Germany is turning to India's youth","<a href=""https://news.google.com/rss/articles/CBMi1gFBVV95cUxORUVVTDFvOXctRHVRV3BuaTlPd3lXbjh1Z0pRdFZlZ3VHQzdiYzdlUHlFZjlBWlNOODN5Q2NaYkxrRERCTl9hMDBxWlJ6SFhxUjBtZU5sX2hVUmM0MHJlcWdWbmF5V1p4MVNmZFphNWxmVWplOXJxT3JicE1LY296bC1zYUVFWE83N1NmUEx0WnpVc01lb2NxZnVlZEVHTWVlNjNMb2daX1hGZ3Q4R09vbnNwV0FtMlZIaFhvX1o3QWpQeGFyejRsRGpYYjVyV2JnMG13LVN30gHbAUFVX3lxTE9ockZabnBPTENTWjFEYTZjNm5LRW95Y2oySl9kTkxESEJ3SGhlVkVpZGd3M0twd1czMDNTREhmaG1wRXNXVVQwSjF2Sm5COTUwa0lVNFlDeUdnS1hFUnFNTnV0cWV6cWJaSDRncWRjdV9JWWhtRGMxczZJUEdTZUVtY1cxNzVKQ3p5WDVhck5qZkxBR1g3ZUVxRjE1MnpiSVIxYkRobWtlRnVyYXR1M2g1ZGJkaVVVcE85X0VaRGRPekZOcEtpbmFCbldhazhlZWx2bTZYWTczeHA0dw?oc=5"" target=""_blank"">90,000 work visas: Why Germany is turning to India's youth</a>&nbsp;&nbsp;<font color=""#6f6f6f"">India Today</font>",https://news.google.com/rss/articles/CBMi1gFBVV95cUxORUVVTDFvOXctRHVRV3BuaTlPd3lXbjh1Z0pRdFZlZ3VHQzdiYzdlUHlFZjlBWlNOODN5Q2NaYkxrRERCTl9hMDBxWlJ6SFhxUjBtZU5sX2hVUmM0MHJlcWdWbmF5V1p4MVNmZFphNWxmVWplOXJxT3JicE1LY296bC1zYUVFWE83N1NmUEx0WnpVc01lb2NxZnVlZEVHTWVlNjNMb2daX1hGZ3Q4R09vbnNwV0FtMlZIaFhvX1o3QWpQeGFyejRsRGpYYjVyV2JnMG13LVN30gHbAUFVX3lxTE9ockZabnBPTENTWjFEYTZjNm5LRW95Y2oySl9kTkxESEJ3SGhlVkVpZGd3M0twd1czMDNTREhmaG1wRXNXVVQwSjF2Sm5COTUwa0lVNFlDeUdnS1hFUnFNTnV0cWV6cWJaSDRncWRjdV9JWWhtRGMxczZJUEdTZUVtY1cxNzVKQ3p5WDVhck5qZkxBR1g3ZUVxRjE1MnpiSVIxYkRobWtlRnVyYXR1M2g1ZGJkaVVVcE85X0VaRGRPekZOcEtpbmFCbldhazhlZWx2bTZYWTczeHA0dw?oc=5
en,Open Magazine,2026-03-29 07:00:00,Germany's Labour Shortage Crisis: Why It Is Turning to India for Help,Germany's Labour Shortage Crisis: Why It Is Turning to India for Help,"<a href=""https://news.google.com/rss/articles/CBMiowFBVV95cUxQWTZkemZaM0J2OG9tZ291dUZmUGJJOU9ieE01dVNDZXhRXzdpdVFtM2kzUURvaHNEbS03MHItcEZQX1R6eU5sTUFQdkxNMXRrV2dmVFIxSm5VdTZOdi1QX2RaYnlDaVJkZVhSbE9kMXBodk1Xc3dRMVl0aGVQc3Y4TGdMUG1XUW8wT2FUdHpEeUhiRV9xd1JiQ05BWGI4ajdIVU0w?oc=5"" target=""_blank"">Germany's Labour Shortage Crisis: Why It Is Turning to India for Help</a>&nbsp;&nbsp;<font color=""#6f6f6f"">Open Magazine</font>",https://news.google.com/rss/articles/CBMiowFBVV95cUxQWTZkemZaM0J2OG9tZ291dUZmUGJJOU9ieE01dVNDZXhRXzdpdVFtM2kzUURvaHNEbS03MHItcEZQX1R6eU5sTUFQdkxNMXRrV2dmVFIxSm5VdTZOdi1QX2RaYnlDaVJkZVhSbE9kMXBodk1Xc3dRMVl0aGVQc3Y4TGdMUG1XUW8wT2FUdHpEeUhiRV9xd1JiQ05BWGI4ajdIVU0w?oc=5
en,ETIAS.com,2026-04-06 00:01:50,Germany Seeks 400K Workers with New Global Hiring Plan,Germany Seeks 400K Workers with New Global Hiring Plan,"<a href=""https://news.google.com/rss/articles/CBMiiAFBVV95cUxQOGRlUDRnVnE0d0F3b2xXSV9kM1pBQkF2UG5CZVFFZTdIVGRCQlJPQW1sOUpyVXV0c2daLU9zWWFWazF4NlQwV0J6OWpZMEh5eE9uVktXd2VCczc3TXhxd1BESlZxR0F6ZS1qdGRlWTN0LVE2MVJmaW51Si05djY0RDJka0Rld3lI?oc=5"" target=""_blank"">Germany Seeks 400K Workers with New Global Hiring Plan</a>&nbsp;&nbsp;<font color=""#6f6f6f"">ETIAS.com</font>",https://news.google.com/rss/articles/CBMiiAFBVV95cUxQOGRlUDRnVnE0d0F3b2xXSV9kM1pBQkF2UG5CZVFFZTdIVGRCQlJPQW1sOUpyVXV0c2daLU9zWWFWazF4NlQwV0J6OWpZMEh5eE9uVktXd2VCczc3TXhxd1BESlZxR0F6ZS1qdGRlWTN0LVE2MVJmaW51Si05djY0RDJka0Rld3lI?oc=5
en,cgdev.org,2026-04-14 07:00:00,Do We Have Enough Workers? The Case of Green Skills in the US,Do We Have Enough Workers? The Case of Green Skills in the US,"<a href=""https://news.google.com/rss/articles/CBMihwFBVV95cUxPZUpDOVhIaGZTNjJGdTExbzJVWUdCY0l6NjJtNkhSNFBXWHZScmgya1g1M3FrallCYXIzY1ZQSVFCRXZqZEwwejdVanZMVmhGRUF3ODZGNDZtQWRKckpEWndDcWJ3azM0MUZZTzBUN0lUQ29lV2FLUWhLQzlubnBjR1VCYmJjdkU?oc=5"" target=""_blank"">Do We Have Enough Workers? The Case of Green Skills in the US</a>&nbsp;&nbsp;<font color=""#6f6f6f"">cgdev.org</font>",https://news.google.com/rss/articles/CBMihwFBVV95cUxPZUpDOVhIaGZTNjJGdTExbzJVWUdCY0l6NjJtNkhSNFBXWHZScmgya1g1M3FrallCYXIzY1ZQSVFCRXZqZEwwejdVanZMVmhGRUF3ODZGNDZtQWRKckpEWndDcWJ3azM0MUZZTzBUN0lUQ29lV2FLUWhLQzlubnBjR1VCYmJjdkU?oc=5
de,all-about-security.de,2026-04-20 07:00:00,Konjunktur verdrängt Fachkräftemangel als Hauptproblem,The economy is replacing the shortage of skilled workers as the main problem,"<a href=""https://news.google.com/rss/articles/CBMilgFBVV95cUxQV1h6d0tvSVI5cHp0STZUQUFTRUkzbl9TQnE3MFRUYXU5YWtDYVlYUzVCM19hNjR6THp4Y0F0aE9OU2RMYncyWVh4ZHBqanNWTmJUWWZBanEzdXpOd3BYRTVDb1RQRVNkZ3VmeEVFUjBwdmVLajl4SWZmS2lzMWF5WmNYaGFoeWpZdWlIelRXc2N1Zm51TFE?oc=5"" target=""_blank"">Konjunktur verdrängt Fachkräftemangel als Hauptproblem</a>&nbsp;&nbsp;<font color=""#6f6f6f"">all-about-security.de</font>",https://news.google.com/rss/articles/CBMilgFBVV95cUxQV1h6d0tvSVI5cHp0STZUQUFTRUkzbl9TQnE3MFRUYXU5YWtDYVlYUzVCM19hNjR6THp4Y0F0aE9OU2RMYncyWVh4ZHBqanNWTmJUWWZBanEzdXpOd3BYRTVDb1RQRVNkZ3VmeEVFUjBwdmVLajl4SWZmS2lzMWF5WmNYaGFoeWpZdWlIelRXc2N1Zm51TFE?oc=5
de,MDR.de,2026-04-24 07:00:00,Fachkräftemangel: Ostdeutschland hat großen Rückstand bei Zuwanderung,Skilled labor shortage: East Germany is lagging behind when it comes to immigration,"<a href=""https://news.google.com/rss/articles/CBMitwFBVV95cUxOclJhYUZHUkFzaFdKdVZGTEQ4NG1TcGhha3pMVzNSXzhBTWZXS3VfS2RwbFJFdmlPNWJsUE91YjNRWmVyMGFuV2RUa3ItSmI4bDBLcGJ6OU1CSmkwWWxOQ3dPd0haT19mbmQ5dkVQdG9ZSjZ4WU12RnpxRjg5OWs3TnNvbDdlRjNXa3VfQXc1YkcwWkg1dGt6QWNxcHc5cl9xSjFTMG1DTFRxYnoxMVJoTGU4eHluaFU?oc=5"" target=""_blank"">Fachkräftemangel: Ostdeutschland hat großen Rückstand bei Zuwanderung</a>&nbsp;&nbsp;<font color=""#6f6f6f"">MDR.de</font>",https://news.google.com/rss/articles/CBMitwFBVV95cUxOclJhYUZHUkFzaFdKdVZGTEQ4NG1TcGhha3pMVzNSXzhBTWZXS3VfS2RwbFJFdmlPNWJsUE91YjNRWmVyMGFuV2RUa3ItSmI4bDBLcGJ6OU1CSmkwWWxOQ3dPd0haT19mbmQ5dkVQdG9ZSjZ4WU12RnpxRjg5OWs3TnNvbDdlRjNXa3VfQXc1YkcwWkg1dGt6QWNxcHc5cl9xSjFTMG1DTFRxYnoxMVJoTGU4eHluaFU?oc=5
de,zeit.de,2026-04-28 07:00:00,Unicef: Afghanistan droht Fachkräftemangel wegen Ausschluss von Frauen,Unicef: Afghanistan is facing a shortage of skilled workers due to the exclusion of women,"<a href=""https://news.google.com/rss/articles/CBMipAFBVV95cUxQbWh2QVNEVU1admYxbmRpYjlnZWJwQ3dfU2RZUnp1MGliNzJyZnRPYWJlWmxZOGhFWGNrVWFYTGxUZzdsazJNWEVYemh2MTRkSzVObEVoSWNKTFcySFctZ0dlbloyLXFQbjh5SV9Id3FwdkhDYzlINFBhMHRxTEhxdWtta1NjTS14Q0dZOThBLWVCT1JIT2ZsLUdZR05Ed1RObm5hSw?oc=5"" target=""_blank"">Unicef: Afghanistan droht Fachkräftemangel wegen Ausschluss von Frauen</a>&nbsp;&nbsp;<font color=""#6f6f6f"">zeit.de</font>",https://news.google.com/rss/articles/CBMipAFBVV95cUxQbWh2QVNEVU1admYxbmRpYjlnZWJwQ3dfU2RZUnp1MGliNzJyZnRPYWJlWmxZOGhFWGNrVWFYTGxUZzdsazJNWEVYemh2MTRkSzVObEVoSWNKTFcySFctZ0dlbloyLXFQbjh5SV9Id3FwdkhDYzlINFBhMHRxTEhxdWtta1NjTS14Q0dZOThBLWVCT1JIT2ZsLUdZR05Ed1RObm5hSw?oc=5
de,Table.Briefings,2026-05-02 07:00:00,Fachkräftemangel trotz Stellenabbau: Warum KI nicht (allein) schuld ist an diesem Mismatch,Skilled labor shortage despite job cuts: Why AI is not (only) to blame for this mismatch,"<a href=""https://news.google.com/rss/articles/CBMiygFBVV95cUxPUDdoSUtWSFZxZmpBZE1JUmE2a25hbjBaUWlwT01kZEZSZ0ZqQ3pLaUpMX1VMR0RhbkFoSFhfbGZZdWJUQjZHZG5GdG5JY1FwczAyUWVENlI0MnpVNlp3VzlaTER5ck1lSkpQd1EzenVSNHQzcEloSHJ6UzFpOFhYQ3NFbmJBT0NpSnVOc2t3VFU1RE1nVmxKRmZzOWZ0VlNNVEVhekQ2aUNCZmZLZkJFaHJQa185NG1mNGJsNjZQVHZNMl9HQ0xCYWNR?oc=5"" target=""_blank"">Fachkräftemangel trotz Stellenabbau: Warum KI nicht (allein) schuld ist an diesem Mismatch</a>&nbsp;&nbsp;<font color=""#6f6f6f"">Table.Briefings</font>",https://news.google.com/rss/articles/CBMiygFBVV95cUxPUDdoSUtWSFZxZmpBZE1JUmE2a25hbjBaUWlwT01kZEZSZ0ZqQ3pLaUpMX1VMR0RhbkFoSFhfbGZZdWJUQjZHZG5GdG5JY1FwczAyUWVENlI0MnpVNlp3VzlaTER5ck1lSkpQd1EzenVSNHQzcEloSHJ6UzFpOFhYQ3NFbmJBT0NpSnVOc2t3VFU1RE1nVmxKRmZzOWZ0VlNNVEVhekQ2aUNCZmZLZkJFaHJQa185NG1mNGJsNjZQVHZNMl9HQ0xCYWNR?oc=5
en,InfoMigrants,2026-05-04 07:00:00,"Struggling to retain workforce talent, some EU countries turn to recruiting from abroad","Struggling to retain workforce talent, some EU countries turn to recruiting from abroad","<a href=""https://news.google.com/rss/articles/CBMiyAFBVV95cUxNQWtxZjVEYlp1azN0UFRja2tzZWNmU0p4NnpubUpRckgtUTVuWGdSRnFwT2owM0xBaUdqZEJWNUdSVEIwWHoxdWhLWGtJMjBOS216M0dwOTFMekFGRVQwU0ZEWEp4ZGVIS21zM0VkR1BkYUFySFhva0ExWHNmbnhmUlBORlZDemREc2NxUlppVWRVWUhhR2lYcUxZYXR2US10RkNNMzZabkN1cWpOZjdwN0xGeEt1Y1F4MXBkTGJidFA0WWFXTGRRTA?oc=5"" target=""_blank"">Struggling to retain workforce talent, some EU countries turn to recruiting from abroad</a>&nbsp;&nbsp;<font color=""#6f6f6f"">InfoMigrants</font>",https://news.google.com/rss/articles/CBMiyAFBVV95cUxNQWtxZjVEYlp1azN0UFRja2tzZWNmU0p4NnpubUpRckgtUTVuWGdSRnFwT2owM0xBaUdqZEJWNUdSVEIwWHoxdWhLWGtJMjBOS216M0dwOTFMekFGRVQwU0ZEWEp4ZGVIS21zM0VkR1BkYUFySFhva0ExWHNmbnhmUlBORlZDemREc2NxUlppVWRVWUhhR2lYcUxZYXR2US10RkNNMzZabkN1cWpOZjdwN0xGeEt1Y1F4MXBkTGJidFA0WWFXTGRRTA?oc=5
en,RÖDL,2026-05-11 14:23:21,Residency law aspects of labor leasing for third-country nationals,Residency law aspects of labor leasing for third-country nationals,"<a href=""https://news.google.com/rss/articles/CBMiowFBVV95cUxNcEQ3WHBkMGh6ZHMzdnZMUUdnWnlpY1laTnJVbE9jZVp0TlMtUHUyNWVFdF9SWDJSWUpud21PTjhXc3Z0cnZBMXJUNnNIZW1JdUZWaEJtTGN2S3Zlcm5WNTh4WGxaYW9ZSEtaMHJZek9STFJkamxqQ2FVNHJEWUxYQmdoRDVoaEtTZHMtNHFyZDByRUt5ZUpEeXVOM2NURHFwMG4w?oc=5"" target=""_blank"">Residency law aspects of labor leasing for third-country nationals</a>&nbsp;&nbsp;<font color=""#6f6f6f"">RÖDL</font>",https://news.google.com/rss/articles/CBMiowFBVV95cUxNcEQ3WHBkMGh6ZHMzdnZMUUdnWnlpY1laTnJVbE9jZVp0TlMtUHUyNWVFdF9SWDJSWUpud21PTjhXc3Z0cnZBMXJUNnNIZW1JdUZWaEJtTGN2S3Zlcm5WNTh4WGxaYW9ZSEtaMHJZek9STFJkamxqQ2FVNHJEWUxYQmdoRDVoaEtTZHMtNHFyZDByRUt5ZUpEeXVOM2NURHFwMG4w?oc=5
en,Table.Briefings,2026-05-26 07:00:00,Africa’s skills shortage: A risk or an opportunity for the German economy?,Africa’s skills shortage: A risk or an opportunity for the German economy?,"<a href=""https://news.google.com/rss/articles/CBMirgFBVV95cUxQRG9hQ1JSZFJzUjJCVWFSUjFxNFZCazAzUVFlRU5BbDc3Qi01U3RfQkRNdFYyMGxiUU85V2VNOGh4YVpiU3loUXM3UDg5LWllZ1VHclBwY3FjTUFuWlBpZmczOHVFc1RlY0trdUtwTk9PMG5nV2tCR01WTEp1ZXc5c0ZFd3VkaFBnV201MjZ0MktxWVVEbm1qeFV3Q2NWbW1maDhnbGJrX1FpT3FPZGc?oc=5"" target=""_blank"">Africa’s skills shortage: A risk or an opportunity for the German economy?</a>&nbsp;&nbsp;<font color=""#6f6f6f"">Table.Briefings</font>",https://news.google.com/rss/articles/CBMirgFBVV95cUxQRG9hQ1JSZFJzUjJCVWFSUjFxNFZCazAzUVFlRU5BbDc3Qi01U3RfQkRNdFYyMGxiUU85V2VNOGh4YVpiU3loUXM3UDg5LWllZ1VHclBwY3FjTUFuWlBpZmczOHVFc1RlY0trdUtwTk9PMG5nV2tCR01WTEp1ZXc5c0ZFd3VkaFBnV201MjZ0MktxWVVEbm1qeFV3Q2NWbW1maDhnbGJrX1FpT3FPZGc?oc=5
en,The PIE News,2026-05-28 07:00:00,International grads three times more likely to find work in Germany,International grads three times more likely to find work in Germany,"<a href=""https://news.google.com/rss/articles/CBMilgFBVV95cUxQYkZRSEpnZkdLYWo5UTlrSFdNS2NqWmptRUZNc3owUXRIeGtNTHI2Mkw1c0lPMU4zTlpDYktoUkxJbVNCeUVRd041Y0pSeERTeEhuWVRPTUt3ejhzYTNZaEdfUmhDckp3RVJ0SUR4NjF2N0pZbzF1UnpaQUIyWnhoaG9WaG1wd2twS3BsN29GSHByeFQtc2c?oc=5"" target=""_blank"">International grads three times more likely to find work in Germany</a>&nbsp;&nbsp;<font color=""#6f6f6f"">The PIE News</font>",https://news.google.com/rss/articles/CBMilgFBVV95cUxQYkZRSEpnZkdLYWo5UTlrSFdNS2NqWmptRUZNc3owUXRIeGtNTHI2Mkw1c0lPMU4zTlpDYktoUkxJbVNCeUVRd041Y0pSeERTeEhuWVRPTUt3ejhzYTNZaEdfUmhDckp3RVJ0SUR4NjF2N0pZbzF1UnpaQUIyWnhoaG9WaG1wd2twS3BsN29GSHByeFQtc2c?oc=5
de,zeit.de,2026-06-02 07:00:00,Fachkräftemangel: Wieso Südafrikaner Busfahrer in Niedersachsen werden,Skilled labor shortage: Why South Africans become bus drivers in Lower Saxony,"<a href=""https://news.google.com/rss/articles/CBMikwFBVV95cUxNT3k3SkVBeXBLSHZKV05yd3N6VENJc3N3dUFJeEl3Nm16YURHUEZ6dll1WkszbEI3ck9QRWI4VmZIMXJzUzM0c2ZBdVdsMVFLbWxuR21vVnV5NWRtWUlSeHV6bW9Jajg1QzRXVGxlcEI3dmZnSmZEdDJWSnR4cWhaVkRyazJfLW9ORVNCalpHNmJNaUE?oc=5"" target=""_blank"">Fachkräftemangel: Wieso Südafrikaner Busfahrer in Niedersachsen werden</a>&nbsp;&nbsp;<font color=""#6f6f6f"">zeit.de</font>",https://news.google.com/rss/articles/CBMikwFBVV95cUxNT3k3SkVBeXBLSHZKV05yd3N6VENJc3N3dUFJeEl3Nm16YURHUEZ6dll1WkszbEI3ck9QRWI4VmZIMXJzUzM0c2ZBdVdsMVFLbWxuR21vVnV5NWRtWUlSeHV6bW9Jajg1QzRXVGxlcEI3dmZnSmZEdDJWSnR4cWhaVkRyazJfLW9ORVNCalpHNmJNaUE?oc=5
en,Gulf Today,2026-06-13 07:00:00,Ageing population threatens German labour market with 4.3 million worker gap,Ageing population threatens German labour market with 4.3 million worker gap,"<a href=""https://news.google.com/rss/articles/CBMivgFBVV95cUxPdzc1RklBZk9IYTNlQlRmdFZ5ZTh6eWcxQ3N0ZW0zVjJ6MTlxVW1GOEhFeWUzNnhaeGdZS2p5cWY5a3JWTDhrUWxhYm9pZUZJZWc5ZC1GbVlwMWVwdmdzd19HNXRDNTRjd3owd3NZc0NwVmkwZ3JsenhoejNrX1lUcVVWUUduQ3dSSnZtS1FoYnRlLVJ0YWJEX0pwQUJnRTF1U2RYcDN2SGtiMFhqSHNRQU9LOUFSaFc0ZUFEd2Rn?oc=5"" target=""_blank"">Ageing population threatens German labour market with 4.3 million worker gap</a>&nbsp;&nbsp;<font color=""#6f6f6f"">Gulf Today</font>",https://news.google.com/rss/articles/CBMivgFBVV95cUxPdzc1RklBZk9IYTNlQlRmdFZ5ZTh6eWcxQ3N0ZW0zVjJ6MTlxVW1GOEhFeWUzNnhaeGdZS2p5cWY5a3JWTDhrUWxhYm9pZUZJZWc5ZC1GbVlwMWVwdmdzd19HNXRDNTRjd3owd3NZc0NwVmkwZ3JsenhoejNrX1lUcVVWUUduQ3dSSnZtS1FoYnRlLVJ0YWJEX0pwQUJnRTF1U2RYcDN2SGtiMFhqSHNRQU9LOUFSaFc0ZUFEd2Rn?oc=5
de,Finanz-Szene.de,2026-06-15 07:00:00,Banken haben keinen Fachkräftemangel – sondern ein Qualifikationsproblem,Banks do not have a shortage of skilled workers – but rather a skills problem,"<a href=""https://news.google.com/rss/articles/CBMipwFBVV95cUxPdWlGOHNIYjhPb3VhN0RTa1ZvemtIRnZ6YTNINHVGVHpzQUgyNVNzZ1hBejNiVlNwRlVHbTZEanBURm00d093ZEJReUROVVlQR2NGc25FdlUtanpSMkxadlhxeTJYRzBuc08zdDdhU1pKamlfSGNxQ0ZONGd3WjhIbVB2Q29iZGhKb1RoZTBja2REQ1lLMTBkOXFHU0xRNmRLMFAydnpGVQ?oc=5"" target=""_blank"">Banken haben keinen Fachkräftemangel – sondern ein Qualifikationsproblem</a>&nbsp;&nbsp;<font color=""#6f6f6f"">Finanz-Szene.de</font>",https://news.google.com/rss/articles/CBMipwFBVV95cUxPdWlGOHNIYjhPb3VhN0RTa1ZvemtIRnZ6YTNINHVGVHpzQUgyNVNzZ1hBejNiVlNwRlVHbTZEanBURm00d093ZEJReUROVVlQR2NGc25FdlUtanpSMkxadlhxeTJYRzBuc08zdDdhU1pKamlfSGNxQ0ZONGd3WjhIbVB2Q29iZGhKb1RoZTBja2REQ1lLMTBkOXFHU0xRNmRLMFAydnpGVQ?oc=5
en,Y-Axis Overseas Careers,2026-06-15 07:00:00,"Visa Sponsorship Jobs in Germany – In-Demand Jobs, Top Employers & How to Apply","Visa Sponsorship Jobs in Germany – In-Demand Jobs, Top Employers & How to Apply","<a href=""https://news.google.com/rss/articles/CBMiakFVX3lxTFBqbkNmN3I2Qy1mZnNwdFEzd3JzUlpaU3dvVXNMLWtRXy1IMVZiT1YwN3pQeHEtQjJGMEZtU2hETlpGaVF6T0p1dTNmamRnVFJUTDZDZHEzYXNkVkJUcV9iSUdFZW0yaEpkOGc?oc=5"" target=""_blank"">Visa Sponsorship Jobs in Germany – In-Demand Jobs, Top Employers & How to Apply</a>&nbsp;&nbsp;<font color=""#6f6f6f"">Y-Axis Overseas Careers</font>",https://news.google.com/rss/articles/CBMiakFVX3lxTFBqbkNmN3I2Qy1mZnNwdFEzd3JzUlpaU3dvVXNMLWtRXy1IMVZiT1YwN3pQeHEtQjJGMEZtU2hETlpGaVF6T0p1dTNmamRnVFJUTDZDZHEzYXNkVkJUcV9iSUdFZW0yaEpkOGc?oc=5
de,iwd.de,2026-06-15 07:00:00,MINT-Fachkräftemangel: Langfristige Baustelle,MINT skilled worker shortage: Long-term construction site,"<a href=""https://news.google.com/rss/articles/CBMihwFBVV95cUxQaVFkcWNENlpVRTNlbnhiZEF4NUMzSjhwWW9xamlYMG1JSVpyN0tNYjhyVk1nNW5MNi01NGQyanRjSmo2X0lGYjNWcklPR1BKWjdwZk5sS2hsYnNfdlk2WWhhV0p5UFRHN0E0SUR2ZVlOZzA4RURCMFNxX3RoVlYwUFRNOWVfQ2s?oc=5"" target=""_blank"">MINT-Fachkräftemangel: Langfristige Baustelle</a>&nbsp;&nbsp;<font color=""#6f6f6f"">iwd.de</font>",https://news.google.com/rss/articles/CBMihwFBVV95cUxQaVFkcWNENlpVRTNlbnhiZEF4NUMzSjhwWW9xamlYMG1JSVpyN0tNYjhyVk1nNW5MNi01NGQyanRjSmo2X0lGYjNWcklPR1BKWjdwZk5sS2hsYnNfdlk2WWhhV0p5UFRHN0E0SUR2ZVlOZzA4RURCMFNxX3RoVlYwUFRNOWVfQ2s?oc=5
de,Ingenieur.de,2026-06-18 07:00:00,„Wir erleben eine ausgeprägte Dualität auf dem Arbeitsmarkt“: Warum der Fachkräftemangel trotz Stellenabbau bleibt,“We are experiencing a pronounced duality in the labor market”: Why the shortage of skilled workers remains despite job cuts,"<a href=""https://news.google.com/rss/articles/CBMiwAFBVV95cUxNaWRmSTNTMjNDWHhOWUV0d0NELUFGTGNiV1NROTFpY1YzdGxiVGdvQncxWkxsOUhhVVpOam5rMzd3NGlha3pmTXZKZHZUT1NNSkxDV1JabXMxN2cyTHB1TVlONEVRQVJnQVN5S1pVWWJmMHd0U29fWVRIaTlLTEJkSVBGQUN2YlZZTGVKbE42Y2EyTGdCZ21Qd1Rwb3N4Z2E5NjJ4WDJ6aWk3TUJ2UEtVbTZ0Rm4ydTNCMEFZNXQ5OFU?oc=5"" target=""_blank"">„Wir erleben eine ausgeprägte Dualität auf dem Arbeitsmarkt“: Warum der Fachkräftemangel trotz Stellenabbau bleibt</a>&nbsp;&nbsp;<font color=""#6f6f6f"">Ingenieur.de</font>",https://news.google.com/rss/articles/CBMiwAFBVV95cUxNaWRmSTNTMjNDWHhOWUV0d0NELUFGTGNiV1NROTFpY1YzdGxiVGdvQncxWkxsOUhhVVpOam5rMzd3NGlha3pmTXZKZHZUT1NNSkxDV1JabXMxN2cyTHB1TVlONEVRQVJnQVN5S1pVWWJmMHd0U29fWVRIaTlLTEJkSVBGQUN2YlZZTGVKbE42Y2EyTGdCZ21Qd1Rwb3N4Z2E5NjJ4WDJ6aWk3TUJ2UEtVbTZ0Rm4ydTNCMEFZNXQ5OFU?oc=5
de,STB Web,2026-06-22 07:00:00,Weniger Fachkräftemangel durch schwache Konjunktur,Less shortage of skilled workers due to weak economy,"<a href=""https://news.google.com/rss/articles/CBMiXEFVX3lxTFByMnBRN0Z3NUxnS29od0l3UDR4T1IwWHdlTHNXVjl5ZGsyelVlZ0Rlbzh0LUxPT2lodkNtaEJOdmk1SDNWd2Q5MExjaGRld1lZQnZhRzRnc2NMOXRq?oc=5"" target=""_blank"">Weniger Fachkräftemangel durch schwache Konjunktur</a>&nbsp;&nbsp;<font color=""#6f6f6f"">STB Web</font>",https://news.google.com/rss/articles/CBMiXEFVX3lxTFByMnBRN0Z3NUxnS29od0l3UDR4T1IwWHdlTHNXVjl5ZGsyelVlZ0Rlbzh0LUxPT2lodkNtaEJOdmk1SDNWd2Q5MExjaGRld1lZQnZhRzRnc2NMOXRq?oc=5
de,News4teachers,2026-06-24 07:00:00,"Fachkräftemangel trotz Wirtschaftsflaute – Migration, Betreuung und Bildung helfen","Shortage of skilled workers despite economic downturn – migration, care and education help","<a href=""https://news.google.com/rss/articles/CBMizgFBVV95cUxPZ2trSU9SZW5NenU1X3FjX3Q0QlhaVm1SQjdqc19DQlZRTHZrdXlEelNWVHg3SFNzSXYySk9qLVV5NGU5bk9iamRWWVlCblFGTExfU3RReWFNdTZCN1pzU29jMkFaMGxVY2dhb1FabG5EcGhtQ1hWMzBJaDZYbEtBc05nQ005N3lXcjNMMzVKbG5VUkxmNVRNU2JpUks5bEhpTzVhLV9aQnlZRGh1ai1fM1pGQ2NFLW94OUduZ3JXT0VnTlNvYXRnNGp6bk1nZ9IB1gFBVV95cUxOOWxWa3RpWW5LamF4X1AxdTdZV3ZNZ3B0c3lhbmRqN182RzhnVUZkaWIybW5neXhwbzNvM2lSX2l4em5EZ0ZiUW45RWJoRDBaazJWZnVDWXB4Qnd0RmZCdkZDOFlhbmZuWW90YmZTQm5vQWs0dmdESXRCUTlHN19LQ0pVMDFwUkh3WUZzQnlRamtCRzhfS0lQa01IU2lnNTZpWkwzZDAyWDdVZWJxWUJvdG5JS1hFLVpSR3l6aHlKX3lIV1IwYV82YThlOHZYTWR3Ung0QU9n?oc=5"" target=""_blank"">Fachkräftemangel trotz Wirtschaftsflaute – Migration, Betreuung und Bildung helfen</a>&nbsp;&nbsp;<font color=""#6f6f6f"">News4teachers</font>",https://news.google.com/rss/articles/CBMizgFBVV95cUxPZ2trSU9SZW5NenU1X3FjX3Q0QlhaVm1SQjdqc19DQlZRTHZrdXlEelNWVHg3SFNzSXYySk9qLVV5NGU5bk9iamRWWVlCblFGTExfU3RReWFNdTZCN1pzU29jMkFaMGxVY2dhb1FabG5EcGhtQ1hWMzBJaDZYbEtBc05nQ005N3lXcjNMMzVKbG5VUkxmNVRNU2JpUks5bEhpTzVhLV9aQnlZRGh1ai1fM1pGQ2NFLW94OUduZ3JXT0VnTlNvYXRnNGp6bk1nZ9IB1gFBVV95cUxOOWxWa3RpWW5LamF4X1AxdTdZV3ZNZ3B0c3lhbmRqN182RzhnVUZkaWIybW5neXhwbzNvM2lSX2l4em5EZ0ZiUW45RWJoRDBaazJWZnVDWXB4Qnd0RmZCdkZDOFlhbmZuWW90YmZTQm5vQWs0dmdESXRCUTlHN19LQ0pVMDFwUkh3WUZzQnlRamtCRzhfS0lQa01IU2lnNTZpWkwzZDAyWDdVZWJxWUJvdG5JS1hFLVpSR3l6aHlKX3lIV1IwYV82YThlOHZYTWR3Ung0QU9n?oc=5
en,The New York Times,2026-07-02 07:00:00,Can You Embrace A.I. Without Layoffs? This Company Says It’s Trying.,Can You Embrace A.I. Without Layoffs? This Company Says It’s Trying.,"<a href=""https://news.google.com/rss/articles/CBMikgFBVV95cUxOcXB6N2YyYjlnZldRTWdiWWlJNDNwekE3Um50eFM2UXhCTDVILXFUM3Jad1ZQN2lxWkFsR083c3FuaXdhdEhUSjJWd29mcWVuZnRpUUd0LVNGUE1yNHAwV0o2UGNid3NxRlRHeUlfd0lfTkhZNVlvNGY5WTM1VHpaZ3ZIZGYxRC00aGpQa0M1X1pzUQ?oc=5"" target=""_blank"">Can You Embrace A.I. Without Layoffs? This Company Says It’s Trying.</a>&nbsp;&nbsp;<font color=""#6f6f6f"">The New York Times</font>",https://news.google.com/rss/articles/CBMikgFBVV95cUxOcXB6N2YyYjlnZldRTWdiWWlJNDNwekE3Um50eFM2UXhCTDVILXFUM3Jad1ZQN2lxWkFsR083c3FuaXdhdEhUSjJWd29mcWVuZnRpUUd0LVNGUE1yNHAwV0o2UGNid3NxRlRHeUlfd0lfTkhZNVlvNGY5WTM1VHpaZ3ZIZGYxRC00aGpQa0M1X1pzUQ?oc=5
de,Automobilwoche,2026-07-03 07:00:00,Kein Grund zum Jubeln: Fachkräftemangel löst sich auf,There's no reason to celebrate: the shortage of skilled workers is disappearing,"<a href=""https://news.google.com/rss/articles/CBMitAFBVV95cUxPdGMzczZMd0NiOVlpX1Uyak53VVJlOC1RUi14ZXphN1g5VDNiWmNNVHhzZHpObEs1dE54OWxaQWZkeEFBU0swa1lMSV9KbUFhWVp6LXFYVmRQMkVNdGd0NkhhR0VCaWRjQlJRXzNmY3o0UzhHVXpEM0NMWUE5cW9xQ040WGVpM1ZuTHhxWndvOGhIajNTUlFocmY4RnZQUUcyY1ljWHFXQmkyajZTS3RpNFB1ZVU?oc=5"" target=""_blank"">Kein Grund zum Jubeln: Fachkräftemangel löst sich auf</a>&nbsp;&nbsp;<font color=""#6f6f6f"">Automobilwoche</font>",https://news.google.com/rss/articles/CBMitAFBVV95cUxPdGMzczZMd0NiOVlpX1Uyak53VVJlOC1RUi14ZXphN1g5VDNiWmNNVHhzZHpObEs1dE54OWxaQWZkeEFBU0swa1lMSV9KbUFhWVp6LXFYVmRQMkVNdGd0NkhhR0VCaWRjQlJRXzNmY3o0UzhHVXpEM0NMWUE5cW9xQ040WGVpM1ZuTHhxWndvOGhIajNTUlFocmY4RnZQUUcyY1ljWHFXQmkyajZTS3RpNFB1ZVU?oc=5
en,InfoMigrants,2026-07-06 07:00:00,Germany: Study suggests migrants who leave the country are often put off by bureaucracy,Germany: Study suggests migrants who leave the country are often put off by bureaucracy,"<a href=""https://news.google.com/rss/articles/CBMiyAFBVV95cUxOM2hwdVRHOW8zanVQZGFsOHFXc21YTDIxRlhMUjdLUWNfX1BwUFRGQXp3empMNF81ZjBhQ0lkM1Qtek5YVUVubEQ1TEc1WTlrMmltNXoxNElYLWRHXzJtSWZZaFR5aFhTNENmems0MTFTMnVzRjdpNElUR2ZxRkZXZDhxZ0MxOWt6anZvVVNhTm13SlZWR3M3RlJCVUFpajhhRWpGOFhqSjluRHlJZUpWQnZaOFJ1aWwwczk0UC14VFpmcU5saVZXdA?oc=5"" target=""_blank"">Germany: Study suggests migrants who leave the country are often put off by bureaucracy</a>&nbsp;&nbsp;<font color=""#6f6f6f"">InfoMigrants</font>",https://news.google.com/rss/articles/CBMiyAFBVV95cUxOM2hwdVRHOW8zanVQZGFsOHFXc21YTDIxRlhMUjdLUWNfX1BwUFRGQXp3empMNF81ZjBhQ0lkM1Qtek5YVUVubEQ1TEc1WTlrMmltNXoxNElYLWRHXzJtSWZZaFR5aFhTNENmems0MTFTMnVzRjdpNElUR2ZxRkZXZDhxZ0MxOWt6anZvVVNhTm13SlZWR3M3RlJCVUFpajhhRWpGOFhqSjluRHlJZUpWQnZaOFJ1aWwwczk0UC14VFpmcU5saVZXdA?oc=5
en,The Hindu,2026-07-11 07:00:00,The unfulfilled solar promise of India and Germany,The unfulfilled solar promise of India and Germany,"<a href=""https://news.google.com/rss/articles/CBMirgFBVV95cUxPblNBNzZyRjV1RWNYSkx1NUg3VVVES2dXS1lEZ0x5Y0JUY25fVnJFV0cyMG1JZE4zSkZyTktXZkpMWVZNY1RYYTJfRExLN2NzYkRfQ0VYY3FIWUVab2VtdWdVLXA1OEt0aWpzYkVRUEdsR1dPWlUwNUZfYXVvLTRBSDFJYk9QbWw0NFBXYTdrTU1QVjZWMi1iM3IzSk1hcHdzbHJaTmphbGZtTHZ2NlHSAbQBQVVfeXFMTjJpcXRFeWJEUUg1d0VtaGk3SlU1UnlOeVMwRFFtdm9OWmJEYVZBZG5wTUVzaUd3Q3VabXhGZExmY1h0Nm1XTng1Zkl0T1k0eVZHX2EzTVlBVTBmUG1vQlNRU0pwVVdhdFVuSkNMVjdDc0Zrbi15bnZ2NDU4aVpscW9BQTI0ZU1QOWJfQm5zYnpfdEdJM2dJZ1hyV1J0OXZvY21jaHFMV0xaTjF6MGl6dUtSQnNk?oc=5"" target=""_blank"">The unfulfilled solar promise of India and Germany</a>&nbsp;&nbsp;<font color=""#6f6f6f"">The Hindu</font>",https://news.google.com/rss/articles/CBMirgFBVV95cUxPblNBNzZyRjV1RWNYSkx1NUg3VVVES2dXS1lEZ0x5Y0JUY25fVnJFV0cyMG1JZE4zSkZyTktXZkpMWVZNY1RYYTJfRExLN2NzYkRfQ0VYY3FIWUVab2VtdWdVLXA1OEt0aWpzYkVRUEdsR1dPWlUwNUZfYXVvLTRBSDFJYk9QbWw0NFBXYTdrTU1QVjZWMi1iM3IzSk1hcHdzbHJaTmphbGZtTHZ2NlHSAbQBQVVfeXFMTjJpcXRFeWJEUUg1d0VtaGk3SlU1UnlOeVMwRFFtdm9OWmJEYVZBZG5wTUVzaUd3Q3VabXhGZExmY1h0Nm1XTng1Zkl0T1k0eVZHX2EzTVlBVTBmUG1vQlNRU0pwVVdhdFVuSkNMVjdDc0Zrbi15bnZ2NDU4aVpscW9BQTI0ZU1QOWJfQm5zYnpfdEdJM2dJZ1hyV1J0OXZvY21jaHFMV0xaTjF6MGl6dUtSQnNk?oc=5
de,MDR.de,2026-07-13 07:00:00,Plus 12 Prozent: Immer mehr ausländische Azubis in Sachsen-Anhalt,Plus 12 percent: More and more foreign trainees in Saxony-Anhalt,"<a href=""https://news.google.com/rss/articles/CBMirgFBVV95cUxPelJ6QTMzM29kN283S0loMHNkYWdOY2h1RUxvb21HaEVacUJfa2czZktRZkxtQ2VrZURVTjNRX3pHbW1jZU9ZUlRZRUx4TDdsTklUeWNNMXRBNzhIcVdvdkpoYU5ibF9OV0xmRFhQRHRaRmVtRE93WnVWSjFHNUV1V2hYQ2J3b1EwN29EWF9ESnZmU01Wam1SeF9RS1NUQXk1MXE2cldzelFONnhlTmc?oc=5"" target=""_blank"">Plus 12 Prozent: Immer mehr ausländische Azubis in Sachsen-Anhalt</a>&nbsp;&nbsp;<font color=""#6f6f6f"">MDR.de</font>",https://news.google.com/rss/articles/CBMirgFBVV95cUxPelJ6QTMzM29kN283S0loMHNkYWdOY2h1RUxvb21HaEVacUJfa2czZktRZkxtQ2VrZURVTjNRX3pHbW1jZU9ZUlRZRUx4TDdsTklUeWNNMXRBNzhIcVdvdkpoYU5ibF9OV0xmRFhQRHRaRmVtRE93WnVWSjFHNUV1V2hYQ2J3b1EwN29EWF9ESnZmU01Wam1SeF9RS1NUQXk1MXE2cldzelFONnhlTmc?oc=5
de,IPG Journal,2026-07-21 07:00:00,Fachkräftemangel: Deutschlands Wettbewerb um Talente – Arbeit und Digitalisierung,Shortage of skilled workers: Germany's competition for talent – ​​work and digitalization,"<a href=""https://news.google.com/rss/articles/CBMinwFBVV95cUxQdTl6eVpsd1UyV09FU2V3cWxybzZWWFd1SThKMUVZSWVDM2VvckVfZzN1azgxLVdsZlI5VDBiaXF3eVJTbTl0SmwzOFItM1lEcE1BdUpBSlJsUHZPSFJLLXJzdG1idHFqOE5LTnRVMlVCYWx6SmEzODFIVjdpZjNUNGJMS2xNU0oxNWszWmNGTmZEM0Ftc1FnczEzRkVpNGM?oc=5"" target=""_blank"">Fachkräftemangel: Deutschlands Wettbewerb um Talente – Arbeit und Digitalisierung</a>&nbsp;&nbsp;<font color=""#6f6f6f"">IPG Journal</font>",https://news.google.com/rss/articles/CBMinwFBVV95cUxQdTl6eVpsd1UyV09FU2V3cWxybzZWWFd1SThKMUVZSWVDM2VvckVfZzN1azgxLVdsZlI5VDBiaXF3eVJTbTl0SmwzOFItM1lEcE1BdUpBSlJsUHZPSFJLLXJzdG1idHFqOE5LTnRVMlVCYWx6SmEzODFIVjdpZjNUNGJMS2xNU0oxNWszWmNGTmZEM0Ftc1FnczEzRkVpNGM?oc=5
de,zeit.de,2026-07-24 07:00:00,Fachkräftemangel: Chemiebranche will mehr Ausbildungsplätze sichern,Shortage of skilled workers: Chemical industry wants to secure more training positions,"<a href=""https://news.google.com/rss/articles/CBMijwFBVV95cUxNbXNMQkVTTDFGOW1OZ2ZXWkQzdHE0M294M1QzdXVBTGxmUmZ0VGx5UHZSTzFzZ1BSZF9MeDNoQzIzRjE1QUxqNUw3UDRaTTdpUVBvSXN1WEJHZXBOOEF1RXZaOWVNTmpJUG1vdTI5dlpyMWJMZTU5TUZPd0w3cWVrZFY5bUc4ME9EbVBHVFBVQQ?oc=5"" target=""_blank"">Fachkräftemangel: Chemiebranche will mehr Ausbildungsplätze sichern</a>&nbsp;&nbsp;<font color=""#6f6f6f"">zeit.de</font>",https://news.google.com/rss/articles/CBMijwFBVV95cUxNbXNMQkVTTDFGOW1OZ2ZXWkQzdHE0M294M1QzdXVBTGxmUmZ0VGx5UHZSTzFzZ1BSZF9MeDNoQzIzRjE1QUxqNUw3UDRaTTdpUVBvSXN1WEJHZXBOOEF1RXZaOWVNTmpJUG1vdTI5dlpyMWJMZTU5TUZPd0w3cWVrZFY5bUc4ME9EbVBHVFBVQQ?oc=5
de,MDR.de,2026-07-25 07:00:00,"""Scheindebatte"": AfD-Pläne für ausgewanderte Fachkräfte laut Soziologen wirkungslos","“Sham debate”: According to sociologists, AfD plans for emigrated skilled workers are ineffective","<a href=""https://news.google.com/rss/articles/CBMizwFBVV95cUxNdGR2V3pTV1lsS0lGWFBHNWxZdTBJckNyQnM5UnNYY1c5U0ZvVmZrcEh0b0lZTURlbG9YTjIzWmdWRGpZSDBQUkN2UmlCdEtoNnI2VVdUSHk4b1pHelpaMzhQVWl5bldsZkxuaURkS0g2c2Z6ZE1EM29XWUVqd1hZNnA4Nko1dXVWdW0yQkVGN0hodjJTYUV2OUVHaG9udFR2Zl9pelYtc2ZreWxoTnZTdlpOWHM2QXJiSFNjTlBDZ0thNkprUTI5NW41dnNHYVk?oc=5"" target=""_blank"">""Scheindebatte"": AfD-Pläne für ausgewanderte Fachkräfte laut Soziologen wirkungslos</a>&nbsp;&nbsp;<font color=""#6f6f6f"">MDR.de</font>",https://news.google.com/rss/articles/CBMizwFBVV95cUxNdGR2V3pTV1lsS0lGWFBHNWxZdTBJckNyQnM5UnNYY1c5U0ZvVmZrcEh0b0lZTURlbG9YTjIzWmdWRGpZSDBQUkN2UmlCdEtoNnI2VVdUSHk4b1pHelpaMzhQVWl5bldsZkxuaURkS0g2c2Z6ZE1EM29XWUVqd1hZNnA4Nko1dXVWdW0yQkVGN0hodjJTYUV2OUVHaG9udFR2Zl9pelYtc2ZreWxoTnZTdlpOWHM2QXJiSFNjTlBDZ0thNkprUTI5NW41dnNHYVk?oc=5
de,Nordkurier,2026-07-27 07:00:00,Landkreis stemmt sich gegen das Ausbluten auf dem Arbeitsmarkt,The district is fighting against the bleeding on the labor market,"<a href=""https://news.google.com/rss/articles/CBMitgFBVV95cUxOdmxYbE9RcmcyNjdveHo2WU41MXk0cnpkbGN6V0p2MzZrOENtTk4wbVplWUVJNjh0RmVUZGNldEFuMEh0a3FzWm4zUldsNGpaWDZBU1VnRDNYM25UY3pZci0zdmdzbkI5SFNPSEljVWg4SmxyY0diZWxFamNUOU5WNzNKam81N2hqWWN0MEN3UzlmcWpidE1vYnM1N0ZlSWZnQ2ZLYlR4ZmhpZ3BQa25JZGxCcWhaZw?oc=5"" target=""_blank"">Landkreis stemmt sich gegen das Ausbluten auf dem Arbeitsmarkt</a>&nbsp;&nbsp;<font color=""#6f6f6f"">Nordkurier</font>",https://news.google.com/rss/articles/CBMitgFBVV95cUxOdmxYbE9RcmcyNjdveHo2WU41MXk0cnpkbGN6V0p2MzZrOENtTk4wbVplWUVJNjh0RmVUZGNldEFuMEh0a3FzWm4zUldsNGpaWDZBU1VnRDNYM25UY3pZci0zdmdzbkI5SFNPSEljVWg4SmxyY0diZWxFamNUOU5WNzNKam81N2hqWWN0MEN3UzlmcWpidE1vYnM1N0ZlSWZnQ2ZLYlR4ZmhpZ3BQa25JZGxCcWhaZw?oc=5
de,Hasepost,2026-07-28 07:00:00,Studie: Dreifache Migrationswende verschärft Deutschlands Fachkräftemangel,Study: Triple migration turnaround exacerbates Germany's shortage of skilled workers,"<a href=""https://news.google.com/rss/articles/CBMipgFBVV95cUxOcDktMUJ5VS1aSl9GbkNmWi1jbGFULXZhS0ZyUG94U2djbmdNMkNVYnEza0c0ZU1OQ3BhTndMRzZfUlotLVlIdzNBUWt5Ry1QeDAtT3pMWkF4SmpOLVBxVjE1Nk1EYjFfU0tsdXlBeFJOa1VqOEh4Y1RqYi1CN1FhS01NR21semJJWnhCRWU0SGl0aXgxQUpWRkdFQkJHc1dyaExTUHBB?oc=5"" target=""_blank"">Studie: Dreifache Migrationswende verschärft Deutschlands Fachkräftemangel</a>&nbsp;&nbsp;<font color=""#6f6f6f"">Hasepost</font>",https://news.google.com/rss/articles/CBMipgFBVV95cUxOcDktMUJ5VS1aSl9GbkNmWi1jbGFULXZhS0ZyUG94U2djbmdNMkNVYnEza0c0ZU1OQ3BhTndMRzZfUlotLVlIdzNBUWt5Ry1QeDAtT3pMWkF4SmpOLVBxVjE1Nk1EYjFfU0tsdXlBeFJOa1VqOEh4Y1RqYi1CN1FhS01NR21semJJWnhCRWU0SGl0aXgxQUpWRkdFQkJHc1dyaExTUHBB?oc=5
en,AD HOC NEWS,2026-07-31 11:22:34,Germany Overhauls Construction Apprenticeships as Sector Battles Record Skills Shortage,Germany Overhauls Construction Apprenticeships as Sector Battles Record Skills Shortage,"<a href=""https://news.google.com/rss/articles/CBMi2wFBVV95cUxPSTdKVGk3M1J3TzVfRGlsWWMybm5xTTN2OTQxSDJ6T1BqUG43VnUtLVpVSkp6UXB3eTVIOGdKajBFVWRrbG1Qa0ZWeDFUTmZxU0lhTlNaLXZmV2E5ekVaUno2bmVVOFVLdjUtXzdTbnl1QXNhZWktUWtXRTQ2QjhSZWtvYkNGc2lxYXUxbTVERnRtUG9pQjhGRFFfa1BaRnNvVnFUN19fWFVsdXotS016UUF3UTk4LW80c1FYTUlSVURjOFZzWWFGRVF0U1NSRTlLM21LdmpCOWlRYmc?oc=5"" target=""_blank"">Germany Overhauls Construction Apprenticeships as Sector Battles Record Skills Shortage</a>&nbsp;&nbsp;<font color=""#6f6f6f"">AD HOC NEWS</font>",https://news.google.com/rss/articles/CBMi2wFBVV95cUxPSTdKVGk3M1J3TzVfRGlsWWMybm5xTTN2OTQxSDJ6T1BqUG43VnUtLVpVSkp6UXB3eTVIOGdKajBFVWRrbG1Qa0ZWeDFUTmZxU0lhTlNaLXZmV2E5ekVaUno2bmVVOFVLdjUtXzdTbnl1QXNhZWktUWtXRTQ2QjhSZWtvYkNGc2lxYXUxbTVERnRtUG9pQjhGRFFfa1BaRnNvVnFUN19fWFVsdXotS016UUF3UTk4LW80c1FYTUlSVURjOFZzWWFGRVF0U1NSRTlLM21LdmpCOWlRYmc?oc=5
en,AD HOC NEWS,2026-08-01 02:32:32,"Germany's 300,000 Volunteer Examiners: The Unseen Backbone of Vocational Training","Germany's 300,000 Volunteer Examiners: The Unseen Backbone of Vocational Training","<a href=""https://news.google.com/rss/articles/CBMi2wFBVV95cUxQQUFiZzNoX0tlMVFUdTV4NFU3NUJlS0ZDa3N6NktiYmRSVm1kOEJTWXRGeV9UM19Cbmx5QUs4UXUxbE16RFl4YzdUTU1ocE0tWHFMZXZoRmlqdElUNmlOTG1rOEpHbjItQVZfRXNCd1NfRllCb1ZWUV9EWVlXSm8wNlJWMXNVd1hIcnJQajBZanZJVUk4SFFPNy1Ha2syX1NDM1I0R25va2I5emdPZmdXXzh1OTVGN2o4MHVISjFXVnFxaWFSNlhPTi04cnNOTlVDSklKdmJOcldrUWc?oc=5"" target=""_blank"">Germany's 300,000 Volunteer Examiners: The Unseen Backbone of Vocational Training</a>&nbsp;&nbsp;<font color=""#6f6f6f"">AD HOC NEWS</font>",https://news.google.com/rss/articles/CBMi2wFBVV95cUxQQUFiZzNoX0tlMVFUdTV4NFU3NUJlS0ZDa3N6NktiYmRSVm1kOEJTWXRGeV9UM19Cbmx5QUs4UXUxbE16RFl4YzdUTU1ocE0tWHFMZXZoRmlqdElUNmlOTG1rOEpHbjItQVZfRXNCd1NfRllCb1ZWUV9EWVlXSm8wNlJWMXNVd1hIcnJQajBZanZJVUk4SFFPNy1Ha2syX1NDM1I0R25va2I5emdPZmdXXzh1OTVGN2o4MHVISjFXVnFxaWFSNlhPTi04cnNOTlVDSklKdmJOcldrUWc?oc=5
de,marktspiegel.de,2026-08-06 11:31:55,Konjunktur stottert seit Jahren: Fachkräftemangel? Übernahmequote bei Azubis sinkt!,The economy has been stuttering for years: a shortage of skilled workers? The takeover rate for trainees is falling!,"<a href=""https://news.google.com/rss/articles/CBMiqwFBVV95cUxQUHdVWEphUGxpanM0VUk1UnJMYVg0WTZoZlJwdWxISmk4WnBIanZuODcwU2JwR0d0aTFiOVFGQzJ6czR4TklhTENHdEctbk51Yk4wOGltYkZudnoxLURvTHRVbW9QNHNwYmtMVHY0Yzk3bGctaGs0NDE3WXVhYmMxWUpOX0hGSHdPbDRCTTh5bWlJWUJOZ1FNcTVxbGI5WjZ6UkQ1NEdueHV3dGM?oc=5"" target=""_blank"">Konjunktur stottert seit Jahren: Fachkräftemangel? Übernahmequote bei Azubis sinkt!</a>&nbsp;&nbsp;<font color=""#6f6f6f"">marktspiegel.de</font>",https://news.google.com/rss/articles/CBMiqwFBVV95cUxQUHdVWEphUGxpanM0VUk1UnJMYVg0WTZoZlJwdWxISmk4WnBIanZuODcwU2JwR0d0aTFiOVFGQzJ6czR4TklhTENHdEctbk51Yk4wOGltYkZudnoxLURvTHRVbW9QNHNwYmtMVHY0Yzk3bGctaGs0NDE3WXVhYmMxWUpOX0hGSHdPbDRCTTh5bWlJWUJOZ1FNcTVxbGI5WjZ6UkQ1NEdueHV3dGM?oc=5
de,bm-online.de,2026-08-07 07:17:18,Fachkräftemangel im Handwerk: Hero-Umfrage: Es liegt nicht am Image,Shortage of skilled workers in the trades: Hero survey: It's not the image,"<a href=""https://news.google.com/rss/articles/CBMijwFBVV95cUxPV0lBREIyQ1ptX1ZCQnBOUEcyRmk0UV9nbS0wZXRIWERmY3pBaHVHRU9qbVVUd3NKeWZXa2Y1Z1RqMWRrVTFuODJNczNRbTBiUnBfMHE1VFlnNkkzSVNNOEJlVDA5WUo0VEFIUFFmd1YwVUNJR0dQU1hoeU1URFFvWDd5WTJEelROMjYtOVFlTQ?oc=5"" target=""_blank"">Fachkräftemangel im Handwerk: Hero-Umfrage: Es liegt nicht am Image</a>&nbsp;&nbsp;<font color=""#6f6f6f"">bm-online.de</font>",https://news.google.com/rss/articles/CBMijwFBVV95cUxPV0lBREIyQ1ptX1ZCQnBOUEcyRmk0UV9nbS0wZXRIWERmY3pBaHVHRU9qbVVUd3NKeWZXa2Y1Z1RqMWRrVTFuODJNczNRbTBiUnBfMHE1VFlnNkkzSVNNOEJlVDA5WUo0VEFIUFFmd1YwVUNJR0dQU1hoeU1URFFvWDd5WTJEelROMjYtOVFlTQ?oc=5
de,it-daily,2026-08-09 03:02:53,Der Wert der Werte: Haltung als wirksames Werkzeug gegen den Fachkräftemangel,The value of values: attitude as an effective tool against the shortage of skilled workers,"<a href=""https://news.google.com/rss/articles/CBMidkFVX3lxTE9BU0szN0w5eWQ3a1M3aWxPQTN6SkNnTElQTUt5OHNpTEpJRWljRk12UEZ6blZhcTN1RTdTQWVfNEtTa2dvcno1enBUZ0NzMWdRS1FOdV9HZnMzdURhcnp6al9VcFVLTDJwbVhDcWJhSzJSUWo2cXc?oc=5"" target=""_blank"">Der Wert der Werte: Haltung als wirksames Werkzeug gegen den Fachkräftemangel</a>&nbsp;&nbsp;<font color=""#6f6f6f"">it-daily</font>",https://news.google.com/rss/articles/CBMidkFVX3lxTE9BU0szN0w5eWQ3a1M3aWxPQTN6SkNnTElQTUt5OHNpTEpJRWljRk12UEZ6blZhcTN1RTdTQWVfNEtTa2dvcno1enBUZ0NzMWdRS1FOdV9HZnMzdURhcnp6al9VcFVLTDJwbVhDcWJhSzJSUWo2cXc?oc=5
de,noz.de,2026-08-09 09:21:00,Fachkräftemangel: Initiative aus Werlte trägt erste Früchte,Shortage of skilled workers: Initiative from Werlte is beginning to bear fruit,"<a href=""https://news.google.com/rss/articles/CBMirAFBVV95cUxNSlJxcHh1OGx6Q2lYTzJGRl9rZjJiNXYxMGk0THNwZWJDRzI2cFZzd1hmTjZ5QVFSN2huQUp0WXBwVUpUSk9fUHZvYmhLdEQ2UU53NEgxM2tNRnhTQldUSFVVT0ctMk9CUVdMOWZYNFg3Q1RxdWo4TDZmZEU4QmctLW52UlNHVU1Id3JIR2NybklLam5PVW80eVRCNXhrWWNsMm81bkhTcTRpY3JQ?oc=5"" target=""_blank"">Fachkräftemangel: Initiative aus Werlte trägt erste Früchte</a>&nbsp;&nbsp;<font color=""#6f6f6f"">noz.de</font>",https://news.google.com/rss/articles/CBMirAFBVV95cUxNSlJxcHh1OGx6Q2lYTzJGRl9rZjJiNXYxMGk0THNwZWJDRzI2cFZzd1hmTjZ5QVFSN2huQUp0WXBwVUpUSk9fUHZvYmhLdEQ2UU53NEgxM2tNRnhTQldUSFVVT0ctMk9CUVdMOWZYNFg3Q1RxdWo4TDZmZEU4QmctLW52UlNHVU1Id3JIR2NybklLam5PVW80eVRCNXhrWWNsMm81bkhTcTRpY3JQ?oc=5
en,Konrad Wolfenstein,2026-08-09 12:40:23,Die „vierte Lösung“: Welches gigantische Arbeitskräfte-Potenzial die Politik einfach ignoriert - Xpert.Digital,Die „vierte Lösung“: Welches gigantische Arbeitskräfte-Potenzial die Politik einfach ignoriert - Xpert.Digital,"<a href=""https://news.google.com/rss/articles/CBMiWEFVX3lxTE9nbWNoa1l2bWJscTVhNTFqSTR3bzJCMWI1MlJWaE43TFNFeWVNRjlOMVAySlBER2pWLXlGSkc0S1JhRm5LWTNTTWNOSGJqLWdUWkhTZzAwbHjSAWBBVV95cUxNcnNpQkR3eVFsQmpQSjNVQkYxUEhvdUEyU3drU0g1cC1HbWZRb3BieDRnYWlrY3l4N3M4Ym0tTEoxNlpqdjVLcjZMUXlMTko2RHVpYnpLaGJCN0trTVNrSEI?oc=5"" target=""_blank"">Die „vierte Lösung“: Welches gigantische Arbeitskräfte-Potenzial die Politik einfach ignoriert</a>&nbsp;&nbsp;<font color=""#6f6f6f"">Xpert.Digital - Konrad Wolfenstein</font>",https://news.google.com/rss/articles/CBMiWEFVX3lxTE9nbWNoa1l2bWJscTVhNTFqSTR3bzJCMWI1MlJWaE43TFNFeWVNRjlOMVAySlBER2pWLXlGSkc0S1JhRm5LWTNTTWNOSGJqLWdUWkhTZzAwbHjSAWBBVV95cUxNcnNpQkR3eVFsQmpQSjNVQkYxUEhvdUEyU3drU0g1cC1HbWZRb3BieDRnYWlrY3l4N3M4Ym0tTEoxNlpqdjVLcjZMUXlMTko2RHVpYnpLaGJCN0trTVNrSEI?oc=5
de,Blick,2026-08-09 13:13:35,Fachkräftemangel: Wenn Kitas zur Chefsache werden,Shortage of skilled workers: When daycare centers become a matter for the boss,"<a href=""https://news.google.com/rss/articles/CBMirAFBVV95cUxPR3lWMUtuY3ZFeUpoQ01TV1N3cVRpQkFHc2pQTjNGR2duODJuOWFFdlBlWVhMMDBJdkVQYVRJSklLMkJFNGpqZVowcmZ0RHZpVGtqNjhvRU1BNUZRa19iMGtkSVdwT2hQNVpQSDE1SF9sNWRpZlc0MW5ZQWYwVm5aMGZ3M3B6a2FNb1oyYXUxU3BseGk0T0RMRE1tczE1ZDZLOERwZVMza01aWnF2?oc=5"" target=""_blank"">Fachkräftemangel: Wenn Kitas zur Chefsache werden</a>&nbsp;&nbsp;<font color=""#6f6f6f"">Blick</font>",https://news.google.com/rss/articles/CBMirAFBVV95cUxPR3lWMUtuY3ZFeUpoQ01TV1N3cVRpQkFHc2pQTjNGR2duODJuOWFFdlBlWVhMMDBJdkVQYVRJSklLMkJFNGpqZVowcmZ0RHZpVGtqNjhvRU1BNUZRa19iMGtkSVdwT2hQNVpQSDE1SF9sNWRpZlc0MW5ZQWYwVm5aMGZ3M3B6a2FNb1oyYXUxU3BseGk0T0RMRE1tczE1ZDZLOERwZVMza01aWnF2?oc=5
de,Mittelhessen,2026-08-09 16:00:00,Fachkräftemangel im Gartenbau: Nachwuchs dringend gesucht,Shortage of skilled workers in horticulture: young people urgently needed,"<a href=""https://news.google.com/rss/articles/CBMiwgFBVV95cUxQRnBleUNJN3hnemtqMHhxMjRibnBZZDM5VUpZZ2VrQnJkdUY3RldSTG11SUhyT25obFFORFZHZE9aczN2TWN1ZWRXNlBrMEo0SDM2UG1oSnVQMlBuaW1zVjRKMnFOdXhPdzZMMTcxYnFleF9lODJWNW5RZm94YzNpWElqcDdFMUtSeFVjV2IxVkxsOHJrYjdxRDVqeVZpSmhUTU9rNGx5aFBLTEp2TVBOdzVpQWFIUlRaM1otQXhTNHNwdw?oc=5"" target=""_blank"">Fachkräftemangel im Gartenbau: Nachwuchs dringend gesucht</a>&nbsp;&nbsp;<font color=""#6f6f6f"">Mittelhessen</font>",https://news.google.com/rss/articles/CBMiwgFBVV95cUxQRnBleUNJN3hnemtqMHhxMjRibnBZZDM5VUpZZ2VrQnJkdUY3RldSTG11SUhyT25obFFORFZHZE9aczN2TWN1ZWRXNlBrMEo0SDM2UG1oSnVQMlBuaW1zVjRKMnFOdXhPdzZMMTcxYnFleF9lODJWNW5RZm94YzNpWElqcDdFMUtSeFVjV2IxVkxsOHJrYjdxRDVqeVZpSmhUTU9rNGx5aFBLTEp2TVBOdzVpQWFIUlRaM1otQXhTNHNwdw?oc=5
de,t3n,2026-08-09 16:05:00,IT-Nachfrage stürzt ab: Warum Security-Experten plötzlich weniger gefragt sind,IT demand plummets: Why security experts are suddenly in less demand,"<a href=""https://news.google.com/rss/articles/CBMihAFBVV95cUxNUnFYb1BtN2pYNEFsN2Q2Rzk0NmcyNFpweGtGNEU2bVFscHEyRWc0MGNqVnR4RHBLdjRLNlo4UHhHUkF1RExtS2lJYkJjSU1nbHFtV3FBNjZCOFVDcFljVzlwM1M5dFF2YWwyZ0E1TVhKejNySVBsRmRJTDZPbThaMHQ2SDk?oc=5"" target=""_blank"">IT-Nachfrage stürzt ab: Warum Security-Experten plötzlich weniger gefragt sind</a>&nbsp;&nbsp;<font color=""#6f6f6f"">t3n</font>",https://news.google.com/rss/articles/CBMihAFBVV95cUxNUnFYb1BtN2pYNEFsN2Q2Rzk0NmcyNFpweGtGNEU2bVFscHEyRWc0MGNqVnR4RHBLdjRLNlo4UHhHUkF1RExtS2lJYkJjSU1nbHFtV3FBNjZCOFVDcFljVzlwM1M5dFF2YWwyZ0E1TVhKejNySVBsRmRJTDZPbThaMHQ2SDk?oc=5
de,Presseportal,2026-08-11 06:15:01,"34,5 Prozent wollen raus aus Deutschland: Wenn junge Talente gehen, drohen Fachkräftemangel und Standortverlust","34.5 percent want to leave Germany: If young talent leaves, there is a risk of a shortage of skilled workers and loss of location","<a href=""https://news.google.com/rss/articles/CBMiWEFVX3lxTFB6Q1Z0ZkQzNnBKNmNzYkt5MWdSMDdkMWplN0dsZmNBWEx3VHVsZlVfZGdsQnZhRWJDc1hBMXZsem5kdkx1cFNqSklXV29Bak9SbHlRYm9CMmI?oc=5"" target=""_blank"">34,5 Prozent wollen raus aus Deutschland: Wenn junge Talente gehen, drohen Fachkräftemangel und Standortverlust</a>&nbsp;&nbsp;<font color=""#6f6f6f"">Presseportal</font>",https://news.google.com/rss/articles/CBMiWEFVX3lxTFB6Q1Z0ZkQzNnBKNmNzYkt5MWdSMDdkMWplN0dsZmNBWEx3VHVsZlVfZGdsQnZhRWJDc1hBMXZsem5kdkx1cFNqSklXV29Bak9SbHlRYm9CMmI?oc=5
de,bpb.de,2026-08-11 08:26:58,Handwerk | Deine tägliche Dosis Politik,Craft | Your daily dose of politics,"<a href=""https://news.google.com/rss/articles/CBMiekFVX3lxTE9ybUU2R1ZPTEgxNlVPNmg5WjhDal9GMERsdGYyX3B2S09qTGFUOFhsWFVMblJ5ZTMzVUtPS0hEdjVYb0FvT0dYcDl3UDZUMnd4TWdYY3U2QVVFeGdSVGc2bkpwZ21iVHdqeHpRRW9rWVJWMk4tOTV4MVFn?oc=5"" target=""_blank"">Handwerk | Deine tägliche Dosis Politik</a>&nbsp;&nbsp;<font color=""#6f6f6f"">bpb.de</font>",https://news.google.com/rss/articles/CBMiekFVX3lxTE9ybUU2R1ZPTEgxNlVPNmg5WjhDal9GMERsdGYyX3B2S09qTGFUOFhsWFVMblJ5ZTMzVUtPS0hEdjVYb0FvT0dYcDl3UDZUMnd4TWdYY3U2QVVFeGdSVGc2bkpwZ21iVHdqeHpRRW9rWVJWMk4tOTV4MVFn?oc=5
de,Informationsdienst Wissenschaft,2026-08-11 08:51:00,Assistenzsystem gegen Fachkräftemangel: XR hilft Menschen mit Sehbehinderung im Beruf,Assistance system to combat the shortage of skilled workers: XR helps people with visual impairments at work,"<a href=""https://news.google.com/rss/articles/CBMiS0FVX3lxTE1pMFVUZ3dMcndLMEdXdUJRVHliaWpOaE1RS1h2bWJhSmR0bzNDNkVuaklsdWMtcmNMT0xDSGg0cHVYSEtKLVE1T1J6bw?oc=5"" target=""_blank"">Assistenzsystem gegen Fachkräftemangel: XR hilft Menschen mit Sehbehinderung im Beruf</a>&nbsp;&nbsp;<font color=""#6f6f6f"">Informationsdienst Wissenschaft</font>",https://news.google.com/rss/articles/CBMiS0FVX3lxTE1pMFVUZ3dMcndLMEdXdUJRVHliaWpOaE1RS1h2bWJhSmR0bzNDNkVuaklsdWMtcmNMT0xDSGg0cHVYSEtKLVE1T1J6bw?oc=5
de,Frankenpost,2026-08-11 09:30:21,Ausbildungsmarkt: Fachkräftemangel braucht Ausbildungsoffensive,Training market: Skilled labor shortage requires training offensive,"<a href=""https://news.google.com/rss/articles/CBMi1gFBVV95cUxNVTcyUF9va2xJNkZ5MDJ2TS1oMFl4QkQ3VzBwNldUTGZ2ekJSNDBfc3hFVVdwOUFST0NzVVRPVGR4TDZhRFRROENSS0tQMEEzSVJkdmJDZFVOTlRmT3kxSy1URi1ZM3JCcWNoa3R6Q1NaWWhqQVc2bnliQXA2aG1OZDMzVmVfSHZHVDlySkljY3hRNkQ1eWkzc2g2T2ZEc2hBUDdjdFRMY3daVWZwRld0SUlmTHVDX19RYTA5RVFMYW5MLU4yTTFMN2NzYXhQUXdfdWd2QzV3?oc=5"" target=""_blank"">Ausbildungsmarkt: Fachkräftemangel braucht Ausbildungsoffensive</a>&nbsp;&nbsp;<font color=""#6f6f6f"">Frankenpost</font>",https://news.google.com/rss/articles/CBMi1gFBVV95cUxNVTcyUF9va2xJNkZ5MDJ2TS1oMFl4QkQ3VzBwNldUTGZ2ekJSNDBfc3hFVVdwOUFST0NzVVRPVGR4TDZhRFRROENSS0tQMEEzSVJkdmJDZFVOTlRmT3kxSy1URi1ZM3JCcWNoa3R6Q1NaWWhqQVc2bnliQXA2aG1OZDMzVmVfSHZHVDlySkljY3hRNkQ1eWkzc2g2T2ZEc2hBUDdjdFRMY3daVWZwRld0SUlmTHVDX19RYTA5RVFMYW5MLU4yTTFMN2NzYXhQUXdfdWd2QzV3?oc=5
de,AD HOC NEWS,2026-08-11 10:39:34,Fachkräftemangel: 49% Maschinenbau-Unternehmen können Stellen nicht besetzen,Shortage of skilled workers: 49% mechanical engineering companies cannot fill positions,"<a href=""https://news.google.com/rss/articles/CBMitwFBVV95cUxQZU92T25neDgwa0IxVUhGem13MHU1a240bFdubVo3N05uMlBRRjZ2S2Q0eEI3N0U2eExmZjllRDdXTTJhYmdheU9RMUx5cHlJa2xrUVFCNWMzWUUwM1JIVnpZZGVZOEZINkphby1wd0REcDktVHRpaXd0M0ZsVGN2dkFraXoyaGlYRzU4TVpteEFtbTFiZlhXZUhTTEh3b0NIeHBvZWdfSy01RTN0MzV4dzhTUk5iaUE?oc=5"" target=""_blank"">Fachkräftemangel: 49% Maschinenbau-Unternehmen können Stellen nicht besetzen</a>&nbsp;&nbsp;<font color=""#6f6f6f"">AD HOC NEWS</font>",https://news.google.com/rss/articles/CBMitwFBVV95cUxQZU92T25neDgwa0IxVUhGem13MHU1a240bFdubVo3N05uMlBRRjZ2S2Q0eEI3N0U2eExmZjllRDdXTTJhYmdheU9RMUx5cHlJa2xrUVFCNWMzWUUwM1JIVnpZZGVZOEZINkphby1wd0REcDktVHRpaXd0M0ZsVGN2dkFraXoyaGlYRzU4TVpteEFtbTFiZlhXZUhTTEh3b0NIeHBvZWdfSy01RTN0MzV4dzhTUk5iaUE?oc=5
de,kreiszeitung-wochenblatt.de,2026-08-11 11:36:47,Fachkräftemangel im Landkreis Harburg: Wenn sich niemand auf die offene Stelle bewirbt,Shortage of skilled workers in the Harburg district: If no one applies for the open position,"<a href=""https://news.google.com/rss/articles/CBMitAFBVV95cUxNY0ZqbEUzcm5wSnVfZ3JmUnQyR0szQ0JxQ2dDV0dtcFVSNnM5bEY5WGdQUTdoRkV5WU5Fa0dlYkRWQURBZDFtd1k1TFgySUdYMXhxdHFOTzBMQUlSSGZTdmMwVm80RjJiM09zcEZPYXhXZnpfQk5zTTV4VXRrQ21sbkZvcjFWNWdqRFREYWtlQnhpdTRDeGxUdUtGN3pmMFVhR3JaVE1ER0JfdFVGdTk2cjF4Q1g?oc=5"" target=""_blank"">Fachkräftemangel im Landkreis Harburg: Wenn sich niemand auf die offene Stelle bewirbt</a>&nbsp;&nbsp;<font color=""#6f6f6f"">kreiszeitung-wochenblatt.de</font>",https://news.google.com/rss/articles/CBMitAFBVV95cUxNY0ZqbEUzcm5wSnVfZ3JmUnQyR0szQ0JxQ2dDV0dtcFVSNnM5bEY5WGdQUTdoRkV5WU5Fa0dlYkRWQURBZDFtd1k1TFgySUdYMXhxdHFOTzBMQUlSSGZTdmMwVm80RjJiM09zcEZPYXhXZnpfQk5zTTV4VXRrQ21sbkZvcjFWNWdqRFREYWtlQnhpdTRDeGxUdUtGN3pmMFVhR3JaVE1ER0JfdFVGdTk2cjF4Q1g?oc=5
de,Merkur,2026-08-11 16:57:00,"13,3 Millionen gehen in Rente – und Deutschlands Plan B bricht gerade weg",13.3 million are retiring - and Germany's Plan B is currently collapsing,"<a href=""https://news.google.com/rss/articles/CBMiuAFBVV95cUxQN0xjUUs0NGFlLS1YUVdZUVBQQXVOdlVRRUNoaGdfOXR4LUd3SmZKdktkbE93OUw3Yzc2WGZ4T2RHOWJRSHNnODFJTFRsN1Yzdmg4c1hsdjFyYUxtZ3hLSGpVMTg2Yk1kTFRyOWFGTlI3Ql9yblplV2pYcUp5U2IxejVYR2RsdHI1RTd3YU9uRlhJUHFjSW5xZ3M4c1BNZEs2RTZFOHQzMEZJWHJxbWpSWXFMV0hwZGZW?oc=5"" target=""_blank"">13,3 Millionen gehen in Rente – und Deutschlands Plan B bricht gerade weg</a>&nbsp;&nbsp;<font color=""#6f6f6f"">Merkur</font>",https://news.google.com/rss/articles/CBMiuAFBVV95cUxQN0xjUUs0NGFlLS1YUVdZUVBQQXVOdlVRRUNoaGdfOXR4LUd3SmZKdktkbE93OUw3Yzc2WGZ4T2RHOWJRSHNnODFJTFRsN1Yzdmg4c1hsdjFyYUxtZ3hLSGpVMTg2Yk1kTFRyOWFGTlI3Ql9yblplV2pYcUp5U2IxejVYR2RsdHI1RTd3YU9uRlhJUHFjSW5xZ3M4c1BNZEs2RTZFOHQzMEZJWHJxbWpSWXFMV0hwZGZW?oc=5
de,Osthessen|News,2026-08-11 21:20:46,Zwischen Fachkräftemangel und Geopolitik: Branche blickt nach vorne,Between a shortage of skilled workers and geopolitics: the industry looks ahead,"<a href=""https://news.google.com/rss/articles/CBMiqwFBVV95cUxNVEZtZG5SWU01cnJuVlo5TVg5ZGFFZTVxemRHOW9xWHVnR2xzWU1CR0hCekRhRXpuNEx0RU5qSkJDVkpXVG5DbzV1UEFvLVZlcTZja285eE50dXVfOXpiV3BvcW96R0pEQjFvTDBfQ1VoX2dITXJpUjhFVERKLUc3dDkyQThLS0JpcEV0ZGdUMXZrMVZoZy1XNUpjWm5Yc2VVazJiWUtWQTY3c2M?oc=5"" target=""_blank"">Zwischen Fachkräftemangel und Geopolitik: Branche blickt nach vorne</a>&nbsp;&nbsp;<font color=""#6f6f6f"">Osthessen|News</font>",https://news.google.com/rss/articles/CBMiqwFBVV95cUxNVEZtZG5SWU01cnJuVlo5TVg5ZGFFZTVxemRHOW9xWHVnR2xzWU1CR0hCekRhRXpuNEx0RU5qSkJDVkpXVG5DbzV1UEFvLVZlcTZja285eE50dXVfOXpiV3BvcW96R0pEQjFvTDBfQ1VoX2dITXJpUjhFVERKLUc3dDkyQThLS0JpcEV0ZGdUMXZrMVZoZy1XNUpjWm5Yc2VVazJiWUtWQTY3c2M?oc=5
de,t3n,2026-08-12 04:30:00,IT-Nachfrage stürzt ab: Warum Security-Experten plötzlich weniger gefragt sind,IT demand plummets: Why security experts are suddenly in less demand,"<a href=""https://news.google.com/rss/articles/CBMiY0FVX3lxTE1rcXJ0NFJaeFdocXdoTFlpTjVTMDlrd0tXM25Fek9Jd1ZsVk00UWxjclJYdlRqTjZocEtYVXF2ckd0S3dmQ0FDYkx5N3FWMVoxMWxqbk5UaTJvNmJ3Z2d0ODV0RQ?oc=5"" target=""_blank"">IT-Nachfrage stürzt ab: Warum Security-Experten plötzlich weniger gefragt sind</a>&nbsp;&nbsp;<font color=""#6f6f6f"">t3n</font>",https://news.google.com/rss/articles/CBMiY0FVX3lxTE1rcXJ0NFJaeFdocXdoTFlpTjVTMDlrd0tXM25Fek9Jd1ZsVk00UWxjclJYdlRqTjZocEtYVXF2ckd0S3dmQ0FDYkx5N3FWMVoxMWxqbk5UaTJvNmJ3Z2d0ODV0RQ?oc=5
de,AD HOC NEWS,2026-08-12 05:01:27,Arztpraxen vs. Kliniken: 700-Euro-Lohngefälle treibt Fachkräfte weg,Doctors' practices vs. clinics: 700 euro wage gap drives skilled workers away,"<a href=""https://news.google.com/rss/articles/CBMitAFBVV95cUxNaWU0Ul9fT0ljVkFmUjY2QmZ2YjhDTkR3NlBvU2xqSnhPNER3T3VkS2JCOHNFaVdKRlpzdmk0cmRKdUU5YmV3aTczc0I2YW93NFd0eEhnRnF3aTJiN3o5RkVmUEo0cHZES1JDZmt0T1k4ZElwSHFBRjI2NmI5a2gyYl9mVVAwUkxqSVVxeGJoenZtVm1XQ29VaW54bUxvVkxsdmk3U0JScEJ1X3NUNndTcG51MVQ?oc=5"" target=""_blank"">Arztpraxen vs. Kliniken: 700-Euro-Lohngefälle treibt Fachkräfte weg</a>&nbsp;&nbsp;<font color=""#6f6f6f"">AD HOC NEWS</font>",https://news.google.com/rss/articles/CBMitAFBVV95cUxNaWU0Ul9fT0ljVkFmUjY2QmZ2YjhDTkR3NlBvU2xqSnhPNER3T3VkS2JCOHNFaVdKRlpzdmk0cmRKdUU5YmV3aTczc0I2YW93NFd0eEhnRnF3aTJiN3o5RkVmUEo0cHZES1JDZmt0T1k4ZElwSHFBRjI2NmI5a2gyYl9mVVAwUkxqSVVxeGJoenZtVm1XQ29VaW54bUxvVkxsdmk3U0JScEJ1X3NUNndTcG51MVQ?oc=5
de,DIE ACHSE DES GUTEN. ACHGUT.COM,2026-08-12 12:00:00,Quereinstieg in den Fachkräftemangel,Lateral entry into the shortage of skilled workers,"<a href=""https://news.google.com/rss/articles/CBMid0FVX3lxTE9mUTBEekUyckRwNjlQRXJwNUQ4T1Z1VFlXVFgxVnBmSDV2OFJsWk11ellkVDBSMzZ5SUphMWhNbUhtcGxTb1RUaWtmWkhCakhyMDNLTjdoMjVLbDNuQi05cFNRTjc1T3ljekxUVEJ3WVRsYnZSOWtJ?oc=5"" target=""_blank"">Quereinstieg in den Fachkräftemangel</a>&nbsp;&nbsp;<font color=""#6f6f6f"">DIE ACHSE DES GUTEN. ACHGUT.COM</font>",https://news.google.com/rss/articles/CBMid0FVX3lxTE9mUTBEekUyckRwNjlQRXJwNUQ4T1Z1VFlXVFgxVnBmSDV2OFJsWk11ellkVDBSMzZ5SUphMWhNbUhtcGxTb1RUaWtmWkhCakhyMDNLTjdoMjVLbDNuQi05cFNRTjc1T3ljekxUVEJ3WVRsYnZSOWtJ?oc=5
de,Apotheken Umschau,2026-08-12 13:58:16,Fachkräftemangel in der Pflege: Was sind die Gründe und was muss sich ändern?,Shortage of skilled workers in nursing: What are the reasons and what needs to change?,"<a href=""https://news.google.com/rss/articles/CBMiqgFBVV95cUxQblRzcVpCU0tFOHFYbWhranhScnV5UVJfMFZBZVRUcGMwd25YU0Vhdl9WaTJjNi1zZ3pHWkJsZ05mWklpbmFoRk9LeWhzMklrWndfQVFIbnkwSFBLRExpNTFhbHdBVTg2bzlmZkNaM3VBSGlGTWRfcTltSTVwZUswM0Vpdi1XWGZFR045T05CS1NSUDRUWTliYjdOZHZrOGZaQ0RNakgtWDF2QQ?oc=5"" target=""_blank"">Fachkräftemangel in der Pflege: Was sind die Gründe und was muss sich ändern?</a>&nbsp;&nbsp;<font color=""#6f6f6f"">Apotheken Umschau</font>",https://news.google.com/rss/articles/CBMiqgFBVV95cUxQblRzcVpCU0tFOHFYbWhranhScnV5UVJfMFZBZVRUcGMwd25YU0Vhdl9WaTJjNi1zZ3pHWkJsZ05mWklpbmFoRk9LeWhzMklrWndfQVFIbnkwSFBLRExpNTFhbHdBVTg2bzlmZkNaM3VBSGlGTWRfcTltSTVwZUswM0Vpdi1XWGZFR045T05CS1NSUDRUWTliYjdOZHZrOGZaQ0RNakgtWDF2QQ?oc=5
